﻿Species,Date,Lat,Long
L_collinsii,18-Dec-49,16.8,-93.283333
L_collinsii,19-Aug-52,16.783333,-93.166667
L_collinsii,24-Jun-49,16.783333,-93.166667
L_collinsii,24-Mar-49,16.783333,-93.15
L_collinsii,6-Jan-07,16.75,-93.116667
L_collinsii,1-Apr-79,16.75,-93.116667
L_collinsii,27-Oct-65,16.8,-93.116667
L_collinsii,8-Mar-89,16.916667,-93.116667
L_collinsii,7-Sep-74,16.966667,-93.1
L_collinsii,29-Oct-76,16.75,-93.083333
L_collinsii,13-Feb-85,16.533333,-92.983333
L_collinsii,16-Feb-85,16.55,-92.983333
L_collinsii,16-Feb-85,16.55,-92.983333
L_collinsii,16-Feb-85,16.55,-92.983333
L_collinsii,16-Feb-85,16.55,-92.983333
L_collinsii,16-Feb-85,16.55,-92.983333
L_collinsii,16-Feb-85,16.55,-92.983333
L_collinsii,16-Feb-85,16.55,-92.983333
L_collinsii,16-Feb-85,16.55,-92.983333
L_collinsii,16-Feb-85,16.55,-92.983333
L_collinsii,16-Feb-85,16.55,-92.983333
L_collinsii,2-Apr-85,16.55,-92.983333
L_collinsii,15-Jul-66,16.75,-92.933333
L_collinsii,6-Nov-93,16.433333,-92.833333
L_collinsii,5-Dec-80,16.4,-92.783333
L_collinsii,5-Dec-80,16.4,-92.783333
L_collinsii,7-Nov-67,16.416667,-92.683333
L_collinsii,9-Feb-85,16.3,-92.483333
L_collinsii,12-Sep-66,16.283333,-92.416667
L_collinsii,5-Nov-93,15.383333,-92.166667
L_collinsii,5-Dec-76,16,-92.166667
L_collinsii,22-Nov-76,15.55,-92.133333
L_collinsii,10-Oct-83,16.033333,-92.033333
L_collinsii,3-Apr-88,15.9,-92.016667
L_collinsii,10-Oct-83,16.016667,-92.016667
L_collinsii,8-Aug-91,15.833333,-91.95
L_collinsii,2-Apr-89,15.666667,-91.933333
L_collinsii,15-Dec-80,15.9,-91.9
L_collinsii,30-Mar-88,15.916667,-91.783333
L_collinsii,3-May-88,15.933333,-91.783333
L_collinsii,31-Mar-88,15.933333,-91.766667
L_cruziana,21-Nov-01,17.955556,-99.444444
L_cruziana,25-Dec-74,16.383333,-98.1
L_cruziana,3-Mar-82,16.3,-97.8
L_cruziana,23-Sep-82,15.966667,-97.383333
L_cruziana,18-Feb-87,16.05,-97.35
L_cruziana,19-Feb-87,16.05,-97.35
L_cruziana,20-Feb-87,16.05,-97.35
L_cruziana,21-Oct-76,15.95,-97.25
L_cruziana,21-Oct-76,15.95,-97.216667
L_cruziana,21-Oct-77,15.933333,-97.133333
L_cruziana,2-Oct-79,19.333333,-96.75
L_cruziana,25-Nov-01,19.422778,-96.683611
L_cruziana,19-Oct-72,19.366667,-96.683333
L_cruziana,13-Oct-70,19.416667,-96.683333
L_cruziana,5-Dec-86,19.416667,-96.683333
L_cruziana,25-Sep-72,19.45,-96.683333
L_cruziana,15-Sep-79,19.45,-96.683333
L_cruziana,18-Oct-72,19.35,-96.65
L_cruziana,14-Feb-76,19.316667,-96.633333
L_cruziana,27-Jun-80,19.333333,-96.633333
L_cruziana,1-Dec-79,19.333333,-96.633333
L_cruziana,4-Oct-74,19.366667,-96.633333
L_cruziana,13-Feb-87,15.666667,-96.6
L_cruziana,26-Jan,19.25,-96.566667
L_cruziana,27-Oct-72,19.25,-96.566667
L_cruziana,18-Nov-26,19.25,-96.566667
L_cruziana,10-Feb-87,15.683333,-96.55
L_cruziana,12-Feb-87,15.683333,-96.55
L_cruziana,13-Feb-87,15.683333,-96.55
L_cruziana,15-Feb-87,15.683333,-96.55
L_cruziana,15-Feb-87,15.683333,-96.55
L_cruziana,Oct-79,19.333333,-96.55
L_cruziana,26-Feb-74,15.716667,-96.533333
L_cruziana,13-Nov-81,19.283333,-96.533333
L_cruziana,10-Dec-68,15.683333,-96.516667
L_cruziana,14-Feb-76,15.683333,-96.516667
L_cruziana,2-Nov-79,19.4,-96.516667
L_cruziana,20-Jun-81,19.333333,-96.5
L_cruziana,4-Mar-82,15.666667,-96.483333
L_cruziana,24-Jun-77,15.716667,-96.483333
L_cruziana,29-Jan,19.3,-96.483333
L_cruziana,28-Sep-17,15.733333,-96.466667
L_cruziana,13-Nov-83,15.766667,-96.466667
L_cruziana,14-Mar-87,19.416667,-96.466667
L_cruziana,11-Nov-75,19.716667,-96.45
L_cruziana,27-Nov-01,19.700833,-96.446944
L_cruziana,4-Dec-75,19.566667,-96.433333
L_cruziana,23-Nov-77,15.716667,-96.416667
L_cruziana,19-Dec,19.3,-96.416667
L_cruziana,19-Dec,19.3,-96.416667
L_cruziana,25-Nov-01,19.601944,-96.3975
L_cruziana,28-Nov-80,19.25,-96.383333
L_cruziana,5-Mar-82,15.716667,-96.366667
L_cruziana,December1843,15.716667,-96.233333
L_cruziana,13-Dec-78,16.666667,-96.216667
L_cruziana,4-Oct-80,15.75,-96.15
L_cruziana,23-Feb-85,15.816667,-96.1
L_cruziana,9-Feb-87,15.783333,-96.016667
L_cruziana,9-Feb-87,15.783333,-96.016667
L_cruziana,9-Feb-87,15.783333,-96.016667
L_cruziana,26-Oct-76,16.566667,-95.966667
L_cruziana,9-Mar-85,15.85,-95.95
L_cruziana,13-Oct-84,15.866667,-95.95
L_cruziana,5-Mar-82,15.9,-95.883333
L_cruziana,12-Dec-85,16.45,-95.883333
L_cruziana,16-Jun-77,16.583333,-95.883333
L_cruziana,5-Mar-82,15.883333,-95.866667
L_cruziana,3-Aug-83,16.433333,-95.866667
L_cruziana,26-Oct-77,16.466667,-95.866667
L_cruziana,30-May-84,15.9,-95.85
L_cruziana,6-Mar-82,16.416667,-95.85
L_cruziana,18-Sep-78,16.416667,-95.85
L_cruziana,5-Mar-82,15.95,-95.716667
L_cruziana,8-Feb-87,15.883333,-95.683333
L_cruziana,15-Feb-82,15.983333,-95.666667
L_cruziana,24-Feb-85,16.033333,-95.65
L_cruziana,24-Feb-85,16.033333,-95.65
L_cruziana,24-Feb-85,16.033333,-95.65
L_cruziana,24-Feb-85,16.033333,-95.65
L_cruziana,24-Feb-85,16.033333,-95.65
L_cruziana,24-Feb-85,16.033333,-95.65
L_cruziana,24-Feb-85,16.033333,-95.65
L_cruziana,24-Feb-85,16.033333,-95.65
L_cruziana,24-Feb-85,16.033333,-95.65
L_cruziana,24-Feb-85,16.033333,-95.65
L_cruziana,24-Feb-85,16.033333,-95.65
L_cruziana,24-Feb-85,16.033333,-95.65
L_cruziana,19-Sep-78,15.966667,-95.566667
L_cruziana,27-Oct-77,15.966667,-95.566667
L_cruziana,3-May-80,15.966667,-95.566667
L_cruziana,29-Mar-89,16.666667,-95.533333
L_cruziana,18-Mar-92,16.266667,-95.5
L_cruziana,12-Sep-85,16.283333,-95.5
L_cruziana,3-Nov-87,16.3,-95.466667
L_cruziana,15-Dec-78,15.983333,-95.433333
L_cruziana,12-Dec-86,16,-95.433333
L_cruziana,December1842,16.416667,-95.433333
L_cruziana,9-Dec-87,16.033333,-95.416667
L_cruziana,20-Feb-87,16.05,-95.383333
L_cruziana,12-Dec-86,16.05,-95.383333
L_cruziana,22-Jan-86,16.066667,-95.383333
L_cruziana,15-Sep-85,16.35,-95.366667
L_cruziana,29-Aug-86,16.7,-95.366667
L_cruziana,26-Nov-86,16.4,-95.35
L_cruziana,17-Nov-86,16.4,-95.35
L_cruziana,26-Nov-86,16.366667,-95.333333
L_cruziana,13-Nov-85,16.366667,-95.333333
L_cruziana,27-Oct-77,16.116667,-95.316667
L_cruziana,14-Dec-83,16.133333,-95.3
L_cruziana,17-Dec-78,16.633333,-95.3
L_cruziana,15-Mar-86,16.666667,-95.3
L_cruziana,27-Oct-76,16.383333,-95.216667
L_cruziana,27-Oct-77,16.166667,-95.2
L_cruziana,25-Jun-87,16.35,-95.2
L_cruziana,11-Mar-89,16.583333,-95.183333
L_cruziana,11-Mar-89,16.583333,-95.183333
L_cruziana,7-Mar-85,16.816667,-95.166667
L_cruziana,6-Mar-81,16.216667,-95.15
L_cruziana,24-Sep-84,16.766667,-95.116667
L_cruziana,21-Sep-78,16.766667,-95.116667
L_cruziana,24-Sep-84,16.766667,-95.116667
L_cruziana,17-Feb-85,16.216667,-95.1
L_cruziana,27-Oct-76,16.45,-95.05
L_cruziana,15-Feb-84,16.483333,-95.05
L_cruziana,25-Feb-92,16.766667,-95.05
L_cruziana,25-Dec-70,16.416667,-95.033333
L_cruziana,16-Feb-82,16.733333,-94.983333
L_cruziana,24-Nov-77,16.516667,-94.966667
L_cruziana,14-Mar-83,16.7,-94.966667
L_cruziana,18-Nov-88,16.366667,-94.95
L_cruziana,23-Mar-88,16.666667,-94.9
L_cruziana,11-Jan-78,16.216667,-94.85
L_cruziana,2-Dec-80,16.583333,-94.816667
L_cruziana,8-Oct-77,16.683333,-94.783333
L_cruziana,16-Feb-85,16.566667,-94.683333
L_cruziana,21-Feb-78,16.566667,-94.633333
L_cruziana,3-Dec-80,16.4,-94.1
L_cruziana,1-Nov-77,16.416667,-94.1
L_cruziana,31-Oct-65,16.45,-94.1
L_cruziana,7-Nov-93,16.45,-94.1
L_cruziana,24-Jan-79,16.466667,-94.083333
L_cruziana,12-Feb-85,16.216667,-93.966667
L_cruziana,2-Nov-91,16.533333,-93.916667
L_cruziana,13-Oct-33,16.25,-93.866667
L_cruziana,8-Feb-87,16.25,-93.85
L_cruziana,26-Feb-92,16.566667,-92.85
L_cuspidata,20-Aug-81,22.183333,-100.3
L_cuspidata,20-Aug-81,22.183333,-100.3
L_cuspidata,25-May-79,22.166667,-100.283333
L_cuspidata,11-May,22.2,-100.266667
L_cuspidata,30-Apr-78,20.783333,-99.766667
L_cuspidata,31-Mar-82,20.883333,-99.7
L_cuspidata,8-Feb-92,20.833333,-99.383333
L_cuspidata,14-Sep-81,20.866667,-99.333333
L_cuspidata,15-Aug-64,21.05,-99.166667
L_cuspidata,29-Nov-93,21.05,-99.166667
L_cuspidata,9-Feb-92,21.283333,-99.166667
L_cuspidata,6-Jul-59,20.416667,-99.133333
L_cuspidata,1-May-76,20.6,-99.133333
L_cuspidata,10-Jul-39,21.05,-99.133333
L_cuspidata,27-Nov-79,21.05,-99.116667
L_cuspidata,8-Jul-48,21.05,-99.116667
L_cuspidata,24-Apr-47,21.05,-99.116667
L_cuspidata,7-Feb-92,20.65,-99.05
L_cuspidata,27-Nov-93,20.65,-99.05
L_cuspidata,7-Feb-92,20.666667,-99.033333
L_cuspidata,16-Aug-81,20.633333,-98.983333
L_cuspidata,16-Aug-81,20.633333,-98.983333
L_cuspidata,26-Aug-76,20.633333,-98.983333
L_cuspidata,1-May-76,20.633333,-98.983333
L_cuspidata,28-Aug-76,20.633333,-98.983333
L_cuspidata,23-Aug-91,20.633333,-98.983333
L_cuspidata,5-Aug-76,20.65,-98.983333
L_cuspidata,7-Feb-92,20.683333,-98.983333
L_cuspidata,27-Nov-93,20.683333,-98.983333
L_cuspidata,28-Aug-76,20.616667,-98.966667
L_cuspidata,28-Aug-76,20.616667,-98.966667
L_cuspidata,26-Nov-77,20.6,-98.95
L_esculenta,28-Jan-92,27.95,-110.8
L_esculenta,23-Sep-26,21.05,-104.366667
L_esculenta,18October1893,20.883333,-103.833333
L_esculenta,July1897,19.233333,-103.733333
L_esculenta,6-Mar-73,20.166667,-103.566667
L_esculenta,8-Nov-59,20.316667,-103.516667
L_esculenta,August1880,20.666667,-103.366667
L_esculenta,25-Jul-07,20.616667,-103.283333
L_esculenta,21-Dec-78,20.3,-103.266667
L_esculenta,5-Mar-73,20.3,-103.233333
L_esculenta,16-Nov-91,20.283333,-103.2
L_esculenta,5-Oct-03,20.3,-103.2
L_esculenta,Aug-73,19.933333,-102.166667
L_esculenta,11-Oct-85,19.1,-101.2
L_esculenta,8-Mar-87,18.616667,-100.916667
L_esculenta,13-Nov-49,19.5,-100.916667
L_esculenta,28-Jan-86,19.183333,-100.633333
L_esculenta,4-Dec-81,18.783333,-100.35
L_esculenta,17-Oct-38,19.433333,-100.35
L_esculenta,26-Oct-63,19.066667,-100.25
L_esculenta,16-Nov-37,18.133333,-100.15
L_esculenta,26-Nov,18.133333,-100.15
L_esculenta,27-Dec-72,18.9,-100.133333
L_esculenta,8-Mar-34,19.05,-100.066667
L_esculenta,3-Oct-32,19.033333,-100.016667
L_esculenta,22-Nov-93,18.416667,-99.966667
L_esculenta,23-Feb-35,18.8,-99.883333
L_esculenta,4-Mar-87,18.4,-99.716667
L_esculenta,5-Mar-87,18.4,-99.716667
L_esculenta,15-Nov-78,17.65,-99.666667
L_esculenta,19-Oct-77,17.65,-99.666667
L_esculenta,6-Jun-85,18.2,-99.666667
L_esculenta,9-Jan-64,18.85,-99.666667
L_esculenta,9-Jan-64,18.85,-99.666667
L_esculenta,1827,19.283333,-99.65
L_esculenta,28-Feb-87,17.866667,-99.633333
L_esculenta,10-Feb-92,17.633333,-99.616667
L_esculenta,25-Mar-03,18.480278,-99.607778
L_esculenta,5-Nov-91,18.716667,-99.6
L_esculenta,25-Mar-03,17.573333,-99.591944
L_esculenta,25-Mar-03,18.480278,-99.586944
L_esculenta,12-Dec-75,18.466667,-99.583333
L_esculenta,25-Mar-03,17.623611,-99.579722
L_esculenta,25-Mar-03,18.435278,-99.566667
L_esculenta,23-Nov-01,18.425556,-99.5625
L_esculenta,3-Nov-03,18.333333,-99.533333
L_esculenta,17-Nov-78,18.333333,-99.516667
L_esculenta,22-Nov-01,18.670556,-99.506111
L_esculenta,27-Mar-03,18.670556,-99.506111
L_esculenta,Oct-38,17.55,-99.5
L_esculenta,2-Dec-79,18.316667,-99.5
L_esculenta,19-Oct-86,18.4,-99.5
L_esculenta,28-Oct-86,18.4,-99.5
L_esculenta,26-Oct-79,18.416667,-99.483333
L_esculenta,22-Nov-01,18.810278,-99.473333
L_esculenta,22-Nov-01,18.795,-99.467778
L_esculenta,27-Mar-03,18.818333,-99.463889
L_esculenta,27-Mar-03,18.942778,-99.423333
L_esculenta,29-Oct-85,18.8,-99.35
L_esculenta,22-Feb-81,18.766667,-99.333333
L_esculenta,21-Feb-66,20.55,-99.316667
L_esculenta,28May1899,18.916667,-99.233333
L_esculenta,1905,18.933333,-99.233333
L_esculenta,14-May-81,18.966667,-99.183333
L_esculenta,17-Oct-82,18.866667,-99.166667
L_esculenta,19-Dec-80,17.433333,-99.116667
L_esculenta,1-Feb-72,18.933333,-99.116667
L_esculenta,20-Mar-92,18.75,-99.1
L_esculenta,26-Nov-82,18.966667,-99.1
L_esculenta,14-Dec-81,18.583333,-98.95
L_esculenta,20-Sep-78,18.916667,-98.95
L_esculenta,20-Sep-78,18.916667,-98.95
L_esculenta,9-Mar-82,18.65,-98.933333
L_esculenta,23-Nov-80,18.583333,-98.833333
L_esculenta,Jan-46,18.716667,-98.8
L_esculenta,7-Nov-67,18.783333,-98.466667
L_esculenta,24-Oct-83,17.4,-98.45
L_esculenta,22-Nov-01,18.9425,-98.423333
L_esculenta,20-Nov-01,18.527778,-98.415833
L_esculenta,10-Nov-67,18.95,-98.383333
L_esculenta,20-Nov-01,18.330278,-98.271944
L_esculenta,4-Jan-81,18.1,-98.116667
L_esculenta,20-Nov-01,18.183889,-98.057778
L_esculenta,2-Aug-75,18.183333,-98.05
L_esculenta,19-Nov-01,17.672778,-97.986667
L_esculenta,18-Nov-01,17.730556,-97.907222
L_esculenta,19-Aug-76,17.15,-97.866667
L_esculenta,19-Nov-01,17.721944,-97.858611
L_esculenta,2-Dec-79,20.233333,-97.85
L_esculenta,4-Nov-77,18.45,-97.816667
L_esculenta,20-Nov-01,17.859167,-97.813333
L_esculenta,15-Mar-03,17.859167,-97.813333
L_esculenta,28-Jul-85,18.1,-97.766667
L_esculenta,17-Jul-82,18.1,-97.683333
L_esculenta,25-Jan-60,18.85,-97.683333
L_esculenta,26-Aug-79,20.45,-97.683333
L_esculenta,3-Dec-78,17.916667,-97.666667
L_esculenta,4-Jul-76,18.033333,-97.666667
L_esculenta,9-Nov-01,18.366111,-97.608333
L_esculenta,20-Jul-61,18.2,-97.6
L_esculenta,9-Nov-01,18.361944,-97.596389
L_esculenta,12-Nov-93,18.216667,-97.583333
L_esculenta,12-Nov-93,18.216667,-97.583333
L_esculenta,22-Jun-83,18.183333,-97.466667
L_esculenta,7-Nov-01,18.585556,-97.410833
L_esculenta,7-Nov-01,18.586111,-97.409722
L_esculenta,14-Mar-03,18.586111,-97.409722
L_esculenta,8-Oct-82,18.616667,-97.4
L_esculenta,27-Apr-88,18.416667,-97.383333
L_esculenta,5-Jun,18.45,-97.383333
L_esculenta,5-May-26,18.45,-97.383333
L_esculenta,5-Feb-76,18.416667,-97.35
L_esculenta,6-Nov-63,18.4,-97.333333
L_esculenta,8-Nov-01,18.506667,-97.293333
L_esculenta,8-Nov-01,18.5225,-97.293333
L_esculenta,17-Nov-87,18.266667,-97.283333
L_esculenta,8-Nov-01,18.553889,-97.269167
L_esculenta,8-Nov-01,18.580833,-97.266389
L_esculenta,8-Dec-78,16.25,-97.15
L_esculenta,8-Dec-78,16.25,-97.15
L_esculenta,18-Nov-01,17.331111,-97.136111
L_esculenta,19-Feb-92,18.166667,-97.083333
L_esculenta,22-Mar-03,15.988056,-97.079167
L_esculenta,12-Nov-01,18.0525,-97.070556
L_esculenta,17-Mar-03,18.0525,-97.070556
L_esculenta,20-Mar-03,16.324167,-97.049444
L_esculenta,20-Mar-03,16.324722,-97.048611
L_esculenta,12-Nov-01,17.983611,-97.035556
L_esculenta,11-Feb-77,16.616667,-96.95
L_esculenta,17-Mar-03,17.592778,-96.947778
L_esculenta,12-Nov-01,17.6525,-96.918889
L_esculenta,18-Nov-85,17.3,-96.9
L_esculenta,19-Oct-76,16.783333,-96.883333
L_esculenta,20-Mar-03,16.233333,-96.871389
L_esculenta,16-Feb-66,17.233333,-96.85
L_esculenta,14-Sep-85,17.183333,-96.833333
L_esculenta,14-Sep-85,17.183333,-96.833333
L_esculenta,2-Oct-76,19.483333,-96.833333
L_esculenta,13-Nov-03,17.216667,-96.816667
L_esculenta,10-Nov-93,17.2,-96.8
L_esculenta,18-Nov-01,17.211389,-96.796667
L_esculenta,3-Oct-78,16.983333,-96.783333
L_esculenta,17-Feb-81,17.166667,-96.783333
L_esculenta,29-Nov-06,17.166667,-96.783333
L_esculenta,20-Mar-03,16.225556,-96.778611
L_esculenta,October1894,17.033333,-96.766667
L_esculenta,9-Oct-85,17.216667,-96.766667
L_esculenta,14-Nov-01,17.048611,-96.745833
L_esculenta,20-Mar-03,16.49,-96.738056
L_esculenta,15-Nov-01,16.659722,-96.730556
L_esculenta,20-Mar-03,16.682778,-96.723056
L_esculenta,15-Nov-01,16.722222,-96.707778
L_esculenta,15-Nov-01,16.9625,-96.706667
L_esculenta,15-Nov-01,17.011111,-96.702778
L_esculenta,Feb-43,17.05,-96.683333
L_esculenta,Aug-00,17.05,-96.683333
L_esculenta,20June1899,17.05,-96.683333
L_esculenta,20June1899,17.05,-96.683333
L_esculenta,December1894,17.05,-96.683333
L_esculenta,15-Nov-01,16.830833,-96.667222
L_esculenta,14-Nov-01,17.029167,-96.659444
L_esculenta,15-Nov-01,16.374722,-96.654722
L_esculenta,11-Feb-87,16.316667,-96.65
L_esculenta,20-Mar-03,16.308056,-96.643889
L_esculenta,20-Mar-03,16.364444,-96.6375
L_esculenta,27-Nov-01,19.766944,-96.625278
L_esculenta,14-Nov-01,16.919444,-96.6225
L_esculenta,15-Nov-01,16.331389,-96.591111
L_esculenta,19-Aug-76,16.783333,-96.583333
L_esculenta,15-Nov-01,16.270278,-96.579722
L_esculenta,10-Dec-81,17,-96.566667
L_esculenta,20-Nov-85,17.033333,-96.566667
L_esculenta,13-Nov-01,17.309722,-96.5325
L_esculenta,10-Dec-81,16.966667,-96.516667
L_esculenta,21-Mar-03,15.811389,-96.460556
L_esculenta,21-Mar-03,15.811389,-96.460278
L_esculenta,26-Oct-78,16.8,-96.45
L_esculenta,18-Mar-03,16.865278,-96.377778
L_esculenta,16-Nov-01,16.833889,-96.361667
L_esculenta,18-Mar-03,16.833889,-96.361667
L_esculenta,16-Nov-01,16.833889,-96.361389
L_esculenta,13-Dec-78,16.75,-96.333333
L_esculenta,10-Aug-91,16.7,-96.316667
L_esculenta,20-Mar-03,16.948889,-96.222778
L_esculenta,12-Dec-78,16.95,-96.216667
L_esculenta,20-Mar-03,16.962778,-96.190556
L_esculenta,8-Mar-87,17.183333,-96.15
L_esculenta,12-Oct-83,16.5,-95.9
L_esculenta,19-Sep-76,16.516667,-95.9
L_esculenta,6-Jan-07,16.75,-93.116667
L_esculenta,12-Jan-50,16.75,-93.116667
L_esculenta,6-Nov-93,16.733333,-93.083333
L_esculenta,11-Feb-85,16.816667,-93.033333
L_greggii,6-Nov-72,25.916667,-101.65
L_greggii,25-Jul-44,25.816667,-101.566667
L_greggii,10-Oct,25.783333,-101.533333
L_greggii,23-Oct-85,25.85,-101.5
L_greggii,20-Jun-87,25.2,-101.333333
L_greggii,May-42,25.483333,-101.316667
L_greggii,25-May-47,25.366667,-101
L_greggii,Apr-42,25.45,-101
L_greggii,11-Jun-78,25.283333,-100.933333
L_greggii,17ApriL_1880,25.4,-100.883333
L_greggii,20-Apr-83,25.616667,-100.716667
L_greggii,25May1847,25.683333,-100.666667
L_greggii,1900,25.333333,-100.65
L_greggii,21-Apr-49,25.866667,-100.55
L_greggii,Aug-38,26.55,-100.533333
L_greggii,ApriL_1887,25.666667,-100.366667
L_greggii,29-Jun-33,26.083333,-100.133333
L_greggii,29-Jun-33,26.083333,-100.133333
L_greggii,7-Apr-90,26.2,-100.1
L_greggii,23-Jul-88,26.2,-100.1
L_greggii,20-Aug-75,24.816667,-100.083333
L_greggii,27-Apr-85,24.8,-100.066667
L_greggii,9-Aug-82,24.883333,-100.066667
L_greggii,22-Jun-82,24.766667,-100.05
L_greggii,Nov-79,24.783333,-100.05
L_greggii,31-May-92,24.733333,-100.033333
L_greggii,1-Nov-91,24.733333,-100.033333
L_greggii,1-Jun-89,24.783333,-100.033333
L_greggii,27-Apr-85,24.783333,-100.016667
L_greggii,30-Oct-87,24.883333,-100.016667
L_greggii,9-Nov-87,24.883333,-100.016667
L_greggii,9-Nov-87,24.883333,-100.016667
L_greggii,4-Jul-69,24.733333,-99.966667
L_greggii,18-May-49,24.733333,-99.916667
L_greggii,12-May-80,24.716667,-99.883333
L_greggii,26-Nov-87,24.7,-99.85
L_greggii,13-Jul-53,24.683333,-99.833333
L_greggii,30-Oct-87,24.783333,-99.766667
L_lanceolata,24October1893,23.233333,-110.083333
L_lanceolata,13October1890,23.35,-109.783333
L_lanceolata,20-Jan-92,23.35,-109.766667
L_lanceolata,14-Mar-10,26.966667,-108.95
L_lanceolata,20September1890,26.983333,-108.95
L_lanceolata,22September1890,26.983333,-108.95
L_lanceolata,31-Jan-92,26.983333,-108.95
L_lanceolata,1-Nov-39,26.983333,-108.933333
L_lanceolata,29-Dec-77,27,-108.916667
L_lanceolata,28-Aug-35,27.65,-108.833333
L_lanceolata,September1885,27.883333,-108.433333
L_lanceolata,18-Apr-10,26.6,-108.316667
L_lanceolata,26-Nov-77,25.95,-108.116667
L_lanceolata,6-Oct-85,25.95,-108
L_lanceolata,29-Feb-40,25.033333,-107.833333
L_lanceolata,13-Oct-84,24.383333,-107.583333
L_lanceolata,17-Aug-91,25.666667,-107.583333
L_lanceolata,14-Dec-59,25.683333,-107.533333
L_lanceolata,1-Dec-84,24.333333,-107.433333
L_lanceolata,26-Dec,24.783333,-107.366667
L_lanceolata,1900,25.083333,-107.216667
L_lanceolata,3-Nov-84,24.183333,-106.733333
L_lanceolata,8-Dec-82,24.4,-106.733333
L_lanceolata,7-Jan-73,23.65,-106.583333
L_lanceolata,9-Oct-62,23.566667,-106.466667
L_lanceolata,26-Feb-73,23.333333,-106.416667
L_lanceolata,20-Nov-26,23.233333,-106.4
L_lanceolata,1925,23.233333,-106.4
L_lanceolata,21-Nov-26,23.233333,-106.4
L_lanceolata,Jul-34,23.233333,-106.4
L_lanceolata,Oct-34,23.233333,-106.4
L_lanceolata,Sep-32,23.233333,-106.4
L_lanceolata,31-May,23.233333,-106.4
L_lanceolata,1926,23.233333,-106.4
L_lanceolata,23-Jan,23.233333,-106.4
L_lanceolata,1925,23.233333,-106.4
L_lanceolata,31-Mar-10,23.233333,-106.4
L_lanceolata,1900,23.25,-106.4
L_lanceolata,1925,23.266667,-106.4
L_lanceolata,29-Dec-72,23.283333,-106.4
L_lanceolata,1922,23.3,-106.4
L_lanceolata,31-Mar,23.316667,-106.4
L_lanceolata,1900,23.266667,-106.383333
L_lanceolata,8October1893,23.266667,-106.383333
L_lanceolata,23-Jan,23.2,-106.366667
L_lanceolata,1926,23.216667,-106.366667
L_lanceolata,4-Oct-86,23.3,-106.066667
L_lanceolata,15-Nov-91,23.3,-105.95
L_lanceolata,15-Mar-85,22.766667,-105.9
L_lanceolata,15-Mar-85,22.766667,-105.9
L_lanceolata,15-Mar-85,22.766667,-105.9
L_lanceolata,15-Mar-85,22.766667,-105.9
L_lanceolata,15-Mar-85,22.766667,-105.9
L_lanceolata,15-Mar-85,22.766667,-105.9
L_lanceolata,15-Mar-85,22.766667,-105.9
L_lanceolata,15-Mar-85,22.766667,-105.9
L_lanceolata,15-Mar-85,22.766667,-105.9
L_lanceolata,15-Mar-85,22.766667,-105.9
L_lanceolata,15-Mar-85,22.766667,-105.9
L_lanceolata,1926,22.833333,-105.783333
L_lanceolata,10-Mar-73,22.816667,-105.733333
L_lanceolata,15-Apr-10,22.216667,-105.6
L_lanceolata,5-Feb-79,20.416667,-105.466667
L_lanceolata,1-Mar-73,20.783333,-105.366667
L_lanceolata,10-Mar-73,22.4,-105.316667
L_lanceolata,15-Dec-68,21.533333,-105.25
L_lanceolata,15-Dec-68,21.533333,-105.25
L_lanceolata,2-Oct-25,21.533333,-105.233333
L_lanceolata,27-Feb-73,21.533333,-105.216667
L_lanceolata,13-Oct-25,21.533333,-105.216667
L_lanceolata,6-Jan-73,21.533333,-105.216667
L_lanceolata,12-Nov-63,20.566667,-105.183333
L_lanceolata,17-Mar-85,21.083333,-105.183333
L_lanceolata,6-Jan-73,21.533333,-105.166667
L_lanceolata,14-Dec-61,21.833333,-105.116667
L_lanceolata,13-Jan-79,19.566667,-105.083333
L_lanceolata,25-Aug-83,19.516667,-105.066667
L_lanceolata,9-Sep-80,19.483333,-105.05
L_lanceolata,25-Sep-81,19.5,-105.05
L_lanceolata,9-Dec-70,19.5,-105.05
L_lanceolata,29-Oct-73,19.5,-105.05
L_lanceolata,7-Oct-81,19.5,-105.05
L_lanceolata,10-Dec-76,19.5,-105.05
L_lanceolata,23-May-78,19.5,-105.05
L_lanceolata,25-Feb-76,19.5,-105.05
L_lanceolata,4-Oct-81,19.5,-105.05
L_lanceolata,28-Sep-80,19.5,-105.05
L_lanceolata,9-Feb-92,19.366667,-104.983333
L_lanceolata,15-Sep-80,21.2,-104.966667
L_lanceolata,28-Feb-73,21.233333,-104.883333
L_lanceolata,15-Jan-88,21.816667,-104.75
L_lanceolata,2-Jan-73,19.333333,-104.7
L_lanceolata,2-Jan-73,19.433333,-104.65
L_lanceolata,2-Jan-73,19.433333,-104.65
L_lanceolata,7-Nov-77,19.066667,-104.233333
L_lanceolata,5-Dec-59,18.933333,-103.866667
L_lanceolata,24-Sep-83,18.583333,-103.6
L_lanceolata,10-Oct-79,18.45,-103.533333
L_lanceolata,27-Dec-81,18.083333,-102.766667
L_lanceolata,23-Mar-85,18.066667,-102.6
L_lanceolata,23-Mar-85,18.083333,-102.6
L_lanceolata,23-Mar-85,18.083333,-102.6
L_lanceolata,23-Mar-85,18.083333,-102.6
L_lanceolata,21-Mar-85,18.066667,-102.566667
L_lanceolata,21-Mar-85,18.066667,-102.566667
L_lanceolata,21-Mar-85,18.066667,-102.566667
L_lanceolata,21-Mar-85,18.066667,-102.566667
L_lanceolata,23-Mar-85,18.066667,-102.566667
L_lanceolata,23-Mar-85,18.066667,-102.566667
L_lanceolata,24-Mar-81,18.016667,-102.333333
L_lanceolata,21-Apr-88,18.416667,-102.333333
L_lanceolata,23-Oct-77,18.083333,-102.3
L_lanceolata,24-Oct-77,18.383333,-102.283333
L_lanceolata,27-Oct-61,18.25,-102.266667
L_lanceolata,23-Mar-81,18,-102.25
L_lanceolata,21-Jun-88,17.933333,-102.2
L_lanceolata,26-Mar-79,18.4,-102.166667
L_lanceolata,1900,18,-102.033333
L_lanceolata,25-Nov-93,18.15,-101.9
L_lanceolata,24-Oct-83,18.05,-101.733333
L_lanceolata,21-Oct-77,17.716667,-101.566667
L_lanceolata,1-Feb-77,17.633333,-101.516667
L_lanceolata,29-Nov-89,17.7,-101.516667
L_lanceolata,7-Nov-91,17.633333,-101.25
L_lempirana,25-Feb-91,15.3,-87.683333
L_lempirana,25-Feb-91,15.283333,-87.666667
L_lempirana,4-Aug-91,15.283333,-87.666667
L_lempirana,25-Feb-91,15.3,-87.666667
L_lempirana,7-Mar-92,15.283333,-87.65
L_lempirana,15-Feb-91,15.266667,-87.45
L_lempirana,17-Feb-91,15.35,-86.983333
L_lempirana,17-Feb-91,15.416667,-86.966667
L_lempirana,25-Mar-91,15.416667,-86.95
L_lempirana,16-Feb-91,15.366667,-86.9
L_lempirana,16-Feb-91,15.366667,-86.85
L_lempirana,Feb-89,15.366667,-86.85
L_lempirana,17-Feb-91,15.466667,-86.466667
L_macrophylla_ist,17-Apr-76,16.583333,-98.166667
L_macrophylla_ist,7-Dec-78,16.45,-98.116667
L_macrophylla_ist,3-Mar-82,16.433333,-98.1
L_macrophylla_ist,18-Apr-76,16.316667,-98.066667
L_macrophylla_ist,21-Feb-87,16.35,-98.05
L_macrophylla_ist,3-Mar-82,16.35,-97.933333
L_macrophylla_ist,7-Dec-78,16.3,-97.866667
L_macrophylla_ist,3-Mar-82,16.316667,-97.866667
L_macrophylla_ist,22-Oct-82,16.316667,-97.85
L_macrophylla_ist,22-Oct-77,16.383333,-97.85
L_macrophylla_ist,6-Apr-82,16.416667,-97.816667
L_macrophylla_ist,22-Dec-87,16.816667,-97.783333
L_macrophylla_ist,26-Nov-91,16.116667,-97.416667
L_macrophylla_ist,9-Mar-85,15.983333,-97.266667
L_macrophylla_ist,9-Mar-85,15.983333,-97.266667
L_macrophylla_ist,9-Mar-85,15.983333,-97.266667
L_macrophylla_ist,9-Mar-85,15.983333,-97.266667
L_macrophylla_ist,9-Mar-85,15.983333,-97.266667
L_macrophylla_ist,9-Mar-85,15.983333,-97.266667
L_macrophylla_ist,29-Mar-85,15.983333,-97.266667
L_macrophylla_ist,29-Mar-85,15.983333,-97.266667
L_macrophylla_ist,29-Mar-85,15.983333,-97.266667
L_macrophylla_ist,29-Mar-85,15.983333,-97.266667
L_macrophylla_ist,29-Mar-85,15.983333,-97.266667
L_macrophylla_ist,29-Mar-85,15.983333,-97.266667
L_macrophylla_ist,17-Feb-87,15.983333,-97.266667
L_macrophylla_ist,19-Feb-87,15.983333,-97.266667
L_macrophylla_ist,26-Mar-89,15.966667,-97.166667
L_macrophylla_ist,12-Nov-83,16.033333,-97.15
L_macrophylla_ist,20-Apr-76,16.066667,-97.083333
L_macrophylla_ist,9-Dec-78,16.4,-97.083333
L_macrophylla_ist,12-Feb-76,16.066667,-97.066667
L_macrophylla_ist,16-Sep-82,19.333333,-96.633333
L_macrophylla_ist,11-Feb-87,15.85,-96.466667
L_macrophylla_ist,22-Dec-78,18.483333,-96.45
L_macrophylla_ist,27-Mar-89,15.783333,-96.116667
L_macrophylla_ist,14-Feb-87,15.733333,-96.016667
L_macrophylla_ist,14-Feb-87,15.733333,-96.016667
L_macrophylla_ist,21-Mar-67,18.383333,-95.333333
L_macrophylla_ist,25-Jan-80,18.4,-95.316667
L_macrophylla_ist,19-Nov-74,18.383333,-95.216667
L_macrophylla_ist,26-Jan-78,18.4,-95.2
L_macrophylla_ist,23-Feb-78,17.166667,-95.183333
L_macrophylla_ist,25-Mar-88,16.966667,-95.066667
L_macrophylla_ist,23-Feb-78,16.916667,-95.05
L_macrophylla_ist,25-Feb-92,16.933333,-95.033333
L_macrophylla_ist,19-Dec-78,16.95,-95.033333
L_macrophylla_ist,12-Mar-89,16.933333,-95.016667
L_macrophylla_ist,14-Nov-84,16.916667,-94.683333
L_macrophylla_mac,9-Dec-77,21.633333,-104.966667
L_macrophylla_mac,9-Nov-61,21.3,-104.9
L_macrophylla_mac,22-Nov-52,20.283333,-104.866667
L_macrophylla_mac,25-Jun-78,19.316667,-104.85
L_macrophylla_mac,2-Jan-73,20.283333,-104.8
L_macrophylla_mac,11-May-78,20.866667,-104.8
L_macrophylla_mac,6-Dec-81,20.2,-104.783333
L_macrophylla_mac,20-Oct-89,22.2,-104.733333
L_macrophylla_mac,17-Sep-89,22.25,-104.616667
L_macrophylla_mac,5-Mar-73,19.633333,-104.433333
L_macrophylla_mac,30-Sep-89,22.283333,-104.433333
L_macrophylla_mac,18-Jan-81,19.633333,-104.416667
L_macrophylla_mac,16-Jun-76,19.683333,-104.4
L_macrophylla_mac,28-Nov-81,19.683333,-104.35
L_macrophylla_mac,5-Jan-73,21.05,-104.2
L_macrophylla_mac,22-Jan-77,21.05,-104.2
L_macrophylla_mac,27-Aug,20.9,-103.833333
L_macrophylla_mac,15September1897,21.666667,-103.816667
L_macrophylla_mac,18-Nov-81,19.8,-103.8
L_macrophylla_mac,8-Feb-92,19.433333,-103.733333
L_macrophylla_mac,18-Mar-91,19.433333,-103.716667
L_macrophylla_mac,7-Feb-92,19.433333,-103.666667
L_macrophylla_mac,19-Mar-85,18.583333,-103.65
L_macrophylla_mac,24-Mar-82,18.916667,-103.616667
L_macrophylla_mac,15-Mar-65,18.583333,-103.6
L_macrophylla_mac,6-Mar-73,19.45,-103.516667
L_macrophylla_mac,23-Nov-41,18.5,-103.466667
L_macrophylla_mac,6-Feb-66,19.533333,-103.466667
L_macrophylla_mac,31-Mar-81,19.516667,-103.433333
L_macrophylla_mac,9-Jun-79,19.4,-103.4
L_macrophylla_mac,13-Mar-68,19.533333,-103.4
L_macrophylla_mac,22-Nov-81,19.3,-103.383333
L_macrophylla_mac,4-Dec-59,19.316667,-103.383333
L_macrophylla_mac,22-Oct-77,20.733333,-103.383333
L_macrophylla_mac,27-Aug-80,18.766667,-103.366667
L_macrophylla_mac,27-Aug-80,18.766667,-103.366667
L_macrophylla_mac,4-Dec-59,19.283333,-103.366667
L_macrophylla_mac,22-Nov-81,19.433333,-103.333333
L_macrophylla_mac,26-Aug-80,18.683333,-103.3
L_macrophylla_mac,10-Apr-85,18.716667,-103.3
L_macrophylla_mac,3October1889,20.733333,-103.283333
L_macrophylla_mac,31-Jul-02,20.716667,-103.266667
L_macrophylla_mac,21September1891,20.716667,-103.266667
L_macrophylla_mac,21September1891,20.4,-103.233333
L_macrophylla_mac,27-Oct-71,20.7,-103.233333
L_macrophylla_mac,28-Mar-80,18.85,-103.1
L_macrophylla_mac,8-Jun-79,19.083333,-103.083333
L_macrophylla_mac,17-Nov-83,18.75,-102.866667
L_macrophylla_mac,20-Oct-79,18.8,-102.8
L_macrophylla_mac,11-Jun-85,18.733333,-102.783333
L_macrophylla_mac,26-May-78,19.95,-102.35
L_macrophylla_mac,27-Mar-79,18.1,-102.3
L_macrophylla_mac,21-Aug-77,18.316667,-102.283333
L_macrophylla_mac,24-Mar-80,18.316667,-102.283333
L_macrophylla_mac,27-Feb-65,18.166667,-102.266667
L_macrophylla_mac,21-Apr-88,18.3,-102.266667
L_macrophylla_mac,26-Mar-79,18.383333,-102.216667
L_macrophylla_mac,26-Mar-79,18.383333,-102.216667
L_macrophylla_mac,31-Dec-77,19.1,-101.75
L_macrophylla_mac,12-Jul-38,19.616667,-101.75
L_macrophylla_mac,29-Apr-82,19.116667,-101.716667
L_macrophylla_mac,12-Jul-81,19.15,-101.716667
L_macrophylla_mac,31-Jan-92,19.2,-101.716667
L_macrophylla_mac,25-Oct-81,18.85,-101.633333
L_macrophylla_mac,9-Dec-91,17.7,-101.516667
L_macrophylla_mac,3-Oct-82,19.066667,-101.45
L_macrophylla_mac,11-Dec-85,17.916667,-101.3
L_macrophylla_mac,22-Apr-88,18,-101.3
L_macrophylla_mac,20-Mar-83,18.3,-101.3
L_macrophylla_mac,24-Nov-93,17.95,-101.25
L_macrophylla_mac,17-Apr-88,18.316667,-101.2
L_macrophylla_mac,29-Sep-82,19.083333,-101.183333
L_macrophylla_mac,17-May-85,18.066667,-100.966667
L_macrophylla_mac,17-May-78,18.133333,-100.916667
L_macrophylla_mac,18-Apr-88,18.133333,-100.916667
L_macrophylla_mac,13-Nov-49,19.216667,-100.8
L_macrophylla_mac,12-Nov-49,19.083333,-100.783333
L_macrophylla_mac,30-Dec-77,19.166667,-100.783333
L_macrophylla_mac,27-Dec-72,18.833333,-100.466667
L_macrophylla_mac,29-Nov-35,17.216667,-100.433333
L_macrophylla_mac,23-Dec-33,18.783333,-100.433333
L_macrophylla_mac,3-Dec-54,18.783333,-100.433333
L_macrophylla_mac,8-Jul-77,19.283333,-100.433333
L_macrophylla_mac,26-Nov-54,18.583333,-100.35
L_macrophylla_mac,29-Nov-54,18.616667,-100.183333
L_macrophylla_mac,14-Nov-33,19.05,-100.166667
L_macrophylla_mac,13-Nov-39,17.666667,-100.15
L_macrophylla_mac,20-Oct-32,18.816667,-100.133333
L_macrophylla_mac,7-Mar-36,18.883333,-100.116667
L_macrophylla_mac,29-Oct-35,18.883333,-100.116667
L_macrophylla_mac,22-Nov-93,18.4,-100.05
L_macrophylla_mac,14-Apr-88,18.416667,-100.05
L_macrophylla_mac,8-Mar-87,18.433333,-100
L_macrophylla_mac,22-Mar-79,18.416667,-99.766667
L_macrophylla_mac,20-Nov-93,17.833333,-99.666667
L_macrophylla_mac,20-Oct-32,18.833333,-99.666667
L_macrophylla_mac,27-Feb-87,17.916667,-99.616667
L_macrophylla_mac,15-Nov-53,18.7,-99.6
L_macrophylla_mac,23-Nov-01,18.425833,-99.5625
L_macrophylla_mac,9-Feb-71,17.2,-99.516667
L_macrophylla_mac,7-Nov-86,18.4,-99.516667
L_macrophylla_mac,4-Nov-86,18.4,-99.516667
L_macrophylla_mac,22-Nov-01,18.670556,-99.506111
L_macrophylla_mac,15-Jan-79,17.333333,-99.483333
L_macrophylla_mac,15-Jan-79,17.333333,-99.483333
L_macrophylla_mac,25-Feb-87,17.3,-99.466667
L_macrophylla_mac,22-Nov-01,18.9425,-99.423333
L_macrophylla_mac,24-Feb-87,16.8,-99.35
L_macrophylla_mac,31-Jan-83,16.85,-99.35
L_macrophylla_mac,26-Mar-85,16.766667,-99.3
L_macrophylla_mac,26-Mar-85,16.766667,-99.283333
L_macrophylla_mac,28May1899,18.916667,-99.266667
L_macrophylla_mac,8February1895,16.75,-99.25
L_macrophylla_mac,1905,18.933333,-99.233333
L_macrophylla_mac,2-Jan-81,18.866667,-99.2
L_macrophylla_mac,21-Nov-70,17.416667,-99.15
L_macrophylla_mac,21-Mar-78,18.966667,-99.133333
L_macrophylla_mac,26-Nov-82,18.95,-99.116667
L_macrophylla_mac,12-Jun-82,18.95,-99.116667
L_macrophylla_mac,23-Mar-78,18.95,-99.116667
L_macrophylla_mac,19-Mar-78,18.983333,-99.116667
L_macrophylla_mac,2-Dec-75,18.983333,-99.1
L_macrophylla_mac,15-Dec-40,18.966667,-99.05
L_macrophylla_mac,20-Nov-01,18.971667,-99.030556
L_macrophylla_mac,28-Nov-70,18.9,-98.966667
L_macrophylla_mac,7-Jan-67,18.916667,-98.966667
L_macrophylla_mac,20-Sep-78,18.916667,-98.966667
L_macrophylla_mac,13-Nov-82,18.566667,-98.933333
L_macrophylla_mac,6-Apr-82,18.566667,-98.933333
L_macrophylla_mac,12-Jun-82,18.6,-98.933333
L_macrophylla_mac,12-Dec-81,18.55,-98.916667
L_macrophylla_mac,7-Oct-84,18.35,-98.9
L_macrophylla_mac,17-Feb-85,18.35,-98.9
L_macrophylla_mac,16-Apr-76,17.116667,-97.883333
L_macrophylla_mac,4-Apr-82,17.15,-97.883333
L_macrophylla_mac,4-Dec-78,17.85,-97.866667
L_macrophylla_mac,23-Mar-89,18.266667,-97.15
L_macrophylla_mac,10-Nov-01,18.273611,-97.126389
L_magnifica,5-Feb-84,14.666667,-89.7
L_magnifica,5-Feb-84,14.666667,-89.7
L_magnifica,1-Mar-84,14.666667,-89.7
L_magnifica,9-May-85,14.7,-89.633333
L_magnifica,18-Oct-85,14.7,-89.633333
L_magnifica,18-Oct-85,14.7,-89.633333
L_magnifica,28-Oct-39,14.633333,-89.616667
L_magnifica,19-Oct-85,14.533333,-89.6
L_magnifica,19-Oct-85,14.633333,-89.5
L_magnifica,26-Feb-88,14.616667,-89.45
L_magnifica,26-Feb-88,14.616667,-89.45
L_magnifica,26-Feb-88,14.616667,-89.45
L_magnifica,1-Nov-93,14.616667,-89.45
L_magnifica,13-Oct-85,14.633333,-89.45
L_magnifica,13-Oct-85,14.633333,-89.45
L_magnifica,11-Feb-89,14.733333,-89.433333
L_matudae,9-Nov-73,17.45,-99.683333
L_matudae,13-Aug-91,17.683333,-99.666667
L_matudae,20-Nov-93,17.7,-99.666667
L_matudae,27-Feb-87,17.766667,-99.6
L_matudae,26-Feb-87,17.766667,-99.6
L_matudae,28-Mar-80,17.45,-99.583333
L_matudae,6-Dec-82,17.5,-99.583333
L_matudae,3-Jul-66,17.433333,-99.566667
L_matudae,1-Oct-80,17.466667,-99.566667
L_matudae,12-Dec-78,17.5,-99.566667
L_matudae,21-Nov-01,17.9675,-99.535556
L_matudae,26-Mar-03,17.9675,-99.535556
L_matudae,21-Nov-01,17.927222,-99.519167
L_matudae,21-Nov-01,17.937222,-99.483056
L_matudae,26-Mar-03,17.937222,-99.483056
L_matudae,21-Nov-01,17.939167,-99.386944
L_matudae,26-Mar-03,17.939167,-99.386944
L_matudae,8-Aug-90,14.45,-87.683333
L_multicapitula,12-Sep-77,11.183333,-85.8
L_multicapitula,17-Jul-77,12.95,-85.75
L_multicapitula,20-Jul-62,11.066667,-85.633333
L_multicapitula,11-Sep-70,11.166667,-85.616667
L_multicapitula,29-Sep-87,11.166667,-85.616667
L_multicapitula,17-Oct-87,11.166667,-85.616667
L_multicapitula,17-Oct-87,11.166667,-85.616667
L_multicapitula,17-Oct-87,11.25,-85.616667
L_multicapitula,14-Sep-82,12.283333,-85.25
L_multicapitula,23-Jan-73,10.466667,-85.15
L_multicapitula,29-Jun-73,10.466667,-85.15
L_multicapitula,25-Jun-76,10.816667,-85.05
L_multicapitula,23-Aug-73,10.466667,-84.433333
L_multicapitula,6-Sep-83,11.883333,-84.35
L_multicapitula,12-Jul-71,7.933333,-80.783333
L_multicapitula,26-Aug-71,8.45,-80.716667
L_multicapitula,12-Oct-87,8.15,-80.683333
L_multicapitula,23-Mar-86,7.9,-80.616667
L_multicapitula,4-Oct-87,8.016667,-80.533333
L_multicapitula,6-Oct-87,7.916667,-80.45
L_multicapitula,7-Oct-87,7.916667,-80.45
L_multicapitula,7-Oct-87,7.916667,-80.45
L_multicapitula,4-May-77,8.483333,-80.433333
L_multicapitula,31-May-80,8.516667,-80.366667
L_multicapitula,2-Oct-87,7.866667,-80.333333
L_multicapitula,5-Oct-87,7.866667,-80.333333
L_multicapitula,26-Aug-61,9.266667,-79.916667
L_multicapitula,18-Sep-68,8.683333,-79.9
L_multicapitula,5-Oct-68,9.15,-79.866667
L_multicapitula,28-Oct-69,9.15,-79.866667
L_multicapitula,5-Aug-70,9.15,-79.866667
L_multicapitula,Jul-67,9.15,-79.866667
L_multicapitula,21-Jun-31,9.15,-79.866667
L_multicapitula,20-Jun-71,8.933333,-79.7
L_multicapitula,22-Aug-38,9.066667,-79.666667
L_multicapitula,12-Oct-87,9.066667,-79.633333
L_multicapitula,20-Jun-38,9.083333,-79.633333
L_multicapitula,29-Sep-71,9.083333,-79.616667
L_multicapitula,18-Jun-71,9.083333,-79.616667
L_multicapitula,6-Jun-71,9.083333,-79.616667
L_multicapitula,28-Jun-70,9.083333,-79.616667
L_multicapitula,13-Aug-71,9.083333,-79.616667
L_multicapitula,16-Jul-66,9,-79.583333
L_multicapitula,24-Jun-66,9,-79.583333
L_multicapitula,19-Sep-72,9.133333,-79.166667
L_multicapitula,25-Sep-72,9.216667,-79.066667
L_multicapitula,25-Sep-72,9.166667,-79
L_multicapitula,1-Sep-71,9.183333,-79
L_multicapitula,16-Oct-62,9.183333,-78.966667
L_multicapitula,Jun-66,8.633333,-78.133333
L_multicapitula,30-Sep-61,8.633333,-78.133333
L_multicapitula,16-Jul-66,8.633333,-78.1
L_multicapitula,5-Jul-59,8.3,-77.733333
L_multicapitula,4-Jul-59,8.3,-77.733333
L_multicapitula,10-Jun-47,8.183333,-77.683333
L_multicapitula,5-Jul-75,8.283333,-77.616667
L_multicapitula,23-Jun-67,8.016667,-77.533333
L_multicapitula,12-Jun-47,8.35,-77.433333
L_pulverulenta,28June1889,25.6,-100.35
L_pulverulenta,29-May-89,25.616667,-100.35
L_pulverulenta,1-Jul-56,25.616667,-100.35
L_pulverulenta,25-Aug-03,25.583333,-100.333333
L_pulverulenta,2-Jul-33,25.633333,-100.333333
L_pulverulenta,9-Aug-39,25.35,-100.133333
L_pulverulenta,3-Jun-42,25.333333,-100.083333
L_pulverulenta,22-Sep-63,21.95,-100.066667
L_pulverulenta,15-Jun-89,24.733333,-99.816667
L_pulverulenta,30-Oct-87,24.783333,-99.766667
L_pulverulenta,11ApriL_1887,26.083333,-99.616667
L_pulverulenta,13-Aug-48,24,-99.566667
L_pulverulenta,11-Feb-92,21.9,-99.533333
L_pulverulenta,10-Feb-92,21.266667,-99.5
L_pulverulenta,25-Apr-86,24.883333,-99.466667
L_pulverulenta,24-May-79,21.866667,-99.45
L_pulverulenta,11-Jul-65,21.916667,-99.333333
L_pulverulenta,23-Mar-56,22.533333,-99.316667
L_pulverulenta,10-Aug,21.95,-99.25
L_pulverulenta,20-Jan-56,22,-99.25
L_pulverulenta,3-Nov-87,23.6,-99.233333
L_pulverulenta,3-Nov-87,23.6,-99.233333
L_pulverulenta,4-Nov-87,23.6,-99.233333
L_pulverulenta,31-Oct-83,23.083333,-99.216667
L_pulverulenta,10-Aug-69,23.083333,-99.216667
L_pulverulenta,25-Jun-83,23.116667,-99.216667
L_pulverulenta,4-Jul-65,23.133333,-99.216667
L_pulverulenta,29-Sep-59,23.6,-99.216667
L_pulverulenta,30-Jun-59,22.55,-99.2
L_pulverulenta,8-Aug-69,23.066667,-99.2
L_pulverulenta,5-Jul-65,23.133333,-99.2
L_pulverulenta,25-Mar-25,23.666667,-99.166667
L_pulverulenta,1-Apr-07,23.733333,-99.166667
L_pulverulenta,November1830,23.733333,-99.133333
L_pulverulenta,31-Dec-70,22.566667,-99.116667
L_pulverulenta,3-May-60,23.666667,-99.1
L_pulverulenta,27-Mar-61,21.283333,-99.066667
L_pulverulenta,2-Mar-59,21.633333,-99.066667
L_pulverulenta,20-Jul-30,22.4,-99.05
L_pulverulenta,12-Aug-30,24.616667,-99.05
L_pulverulenta,5-May-59,21.35,-99.033333
L_pulverulenta,5-Apr-55,22.033333,-99.016667
L_pulverulenta,12-Feb-92,21.966667,-99
L_pulverulenta,5-May-59,21.55,-98.983333
L_pulverulenta,23-May-79,21.133333,-98.95
L_pulverulenta,9-Feb-92,21.383333,-98.933333
L_pulverulenta,6-Jun-82,21.183333,-98.9
L_pulverulenta,3-May-79,21.616667,-98.9
L_pulverulenta,1-May-60,21.933333,-98.9
L_pulverulenta,9-Feb-92,21.183333,-98.883333
L_pulverulenta,29-Nov-93,21.333333,-98.883333
L_pulverulenta,17-Jan-02,26.3,-98.833333
L_pulverulenta,23-May-65,21.25,-98.8
L_pulverulenta,2-Jul-37,21.266667,-98.8
L_pulverulenta,9-Feb-92,21.316667,-98.8
L_pulverulenta,28-May-44,28.75,-98.716667
L_pulverulenta,13-Feb-82,21.183333,-98.616667
L_pulverulenta,Oct-35,29.383333,-98.6
L_pulverulenta,30-Nov-93,21.083333,-98.55
L_pulverulenta,29-Aug-83,21.066667,-98.516667
L_pulverulenta,23-Jun-83,21.166667,-98.516667
L_pulverulenta,12-Feb-92,21.083333,-98.483333
L_pulverulenta,ApriL_1888,21.116667,-98.416667
L_pulverulenta,22-Jun-80,21.183333,-98.383333
L_pulverulenta,31-Mar-87,22.033333,-98.383333
L_pulverulenta,30-May-74,23.15,-98.366667
L_pulverulenta,22-Sep-56,23.183333,-98.366667
L_pulverulenta,22-Dec-78,21.35,-98.283333
L_pulverulenta,1858,21.35,-98.233333
L_pulverulenta,9-Jun-40,26.966667,-98.2
L_pulverulenta,Jul-41,26.3,-98.15
L_pulverulenta,23-Aug-44,26.3,-98.15
L_pulverulenta,23-Aug-32,26.083333,-98.116667
L_pulverulenta,29-Jul-70,23.2,-97.966667
L_pulverulenta,26-Nov-40,25.066667,-97.95
L_pulverulenta,17-May-83,27.4,-97.95
L_pulverulenta,18-Apr-65,26.35,-97.933333
L_pulverulenta,4-Jun-10,22.283333,-97.9
L_pulverulenta,14-Nov-87,27.583333,-97.883333
L_pulverulenta,26-May-10,22.2,-97.866667
L_pulverulenta,24May1889,26.083333,-97.85
L_pulverulenta,22-Apr-85,22.133333,-97.833333
L_pulverulenta,12-Nov-87,26.5,-97.783333
L_pulverulenta,16-Nov-87,26.5,-97.783333
L_pulverulenta,17-Apr-65,26.8,-97.783333
L_pulverulenta,10-Jun-73,21.433333,-97.766667
L_pulverulenta,Jun-52,26.033333,-97.75
L_pulverulenta,27-Apr-59,26.2,-97.75
L_pulverulenta,10-Apr-85,20.183333,-97.583333
L_pulverulenta,1-Dec-93,20.8,-97.566667
L_pulverulenta,19-Jul-41,26.083333,-97.566667
L_pulverulenta,5-May-29,25.95,-97.55
L_pulverulenta,Oct-35,27.583333,-97.533333
L_pulverulenta,1832,25.883333,-97.516667
L_pulverulenta,1853,25.916667,-97.516667
L_pulverulenta,20-Mar-58,25.933333,-97.516667
L_pulverulenta,3-Aug-21,25.9,-97.5
L_pulverulenta,22-Aug,25.9,-97.5
L_pulverulenta,ApriL_1882,25.9,-97.5
L_pulverulenta,21-May-04,25.9,-97.5
L_pulverulenta,22-Jun-22,25.9,-97.5
L_pulverulenta,10-Aug-41,25.9,-97.5
L_pulverulenta,Aug-40,25.916667,-97.5
L_pulverulenta,17-May-19,25.883333,-97.433333
L_pulverulenta,4-May-40,25.866667,-97.4
L_pulverulenta,29-Oct-27,25.866667,-97.4
L_pulverulenta,7June1895,25.9,-97.4
L_pulverulenta,1-Dec-93,20.4,-97.316667
L_pulverulenta,9-Jun-92,27.666667,-97.316667
L_pulverulenta,9-Oct-82,20.4,-97.3
L_pulverulenta,20-Apr-65,26.066667,-97.216667
L_pulverulenta,6-Dec-79,20.016667,-97.05
L_pulverulenta,1900,19.933333,-96.866667
L_pulverulenta,2-Dec-93,19.933333,-96.85
L_pulverulenta,25-Nov-01,19.603333,-96.424167
L_retusa,7-May-59,28.116667,-106.616667
L_retusa,14-Jun-41,30.683333,-104.916667
L_retusa,Aug-33,30.633333,-104.866667
L_retusa,1959,31.983333,-104.833333
L_retusa,November1881,30.583333,-104.116667
L_retusa,1889,30.616667,-104.1
L_retusa,24-May-69,30.666667,-104.083333
L_retusa,12-Jun-26,30.683333,-104.083333
L_retusa,1849,30.616667,-104.066667
L_retusa,26-Apr-02,30.616667,-104.066667
L_retusa,20-Apr-02,30.616667,-104.066667
L_retusa,29-May-15,30.616667,-104.066667
L_retusa,14-Jun-41,30.066667,-104.05
L_retusa,12-Jun-31,30.666667,-104.05
L_retusa,6-Apr-48,30.616667,-104.033333
L_retusa,1889,30.633333,-104.033333
L_retusa,16-May-46,30.616667,-104.016667
L_retusa,10-Oct-26,30.583333,-103.983333
L_retusa,23-Aug-13,30.583333,-103.966667
L_retusa,22-Aug-13,30.566667,-103.95
L_retusa,8-Jun-26,30.566667,-103.95
L_retusa,11-Sep-40,27.616667,-103.9
L_retusa,10-Aug-41,30.85,-103.85
L_retusa,Aug-33,30.283333,-103.8
L_retusa,Jul-32,30.283333,-103.8
L_retusa,17-May-47,30.483333,-103.766667
L_retusa,28-May-32,30.316667,-103.75
L_retusa,25-May,30.316667,-103.75
L_retusa,18-Sep-40,28.633333,-103.583333
L_retusa,28-Sep-40,28.633333,-103.583333
L_retusa,2-Sep-36,29.233333,-103.333333
L_retusa,11-Apr-38,30.166667,-103.316667
L_retusa,1900,29.233333,-103.3
L_retusa,10-Nov-64,29.3,-103.3
L_retusa,6-Sep-15,29.166667,-103.266667
L_retusa,5-Mar-37,29.2,-103.266667
L_retusa,6-Aug-37,29.233333,-103.25
L_retusa,29-Mar-60,29.2,-103.233333
L_retusa,14-Apr-38,29.35,-103.116667
L_retusa,22-Sep-41,28.283333,-103.083333
L_retusa,23-Aug-40,28.2,-103.066667
L_retusa,24-Apr-41,28.9,-103
L_retusa,20-Aug-40,27.966667,-102.966667
L_retusa,26-Aug-41,27.966667,-102.966667
L_retusa,25-Jun-64,29.783333,-102.966667
L_retusa,1-Jul-55,30.333333,-102.933333
L_retusa,1900,29.133333,-102.916667
L_retusa,8-Apr-67,29.566667,-102.916667
L_retusa,14-Nov-48,29.766667,-102.883333
L_retusa,22-Jun-61,29.95,-102.866667
L_retusa,1-Jun-57,29.833333,-102.85
L_retusa,24-Aug-41,27.566667,-102.833333
L_retusa,10-Apr-50,29.75,-102.816667
L_retusa,29-Jul-73,29.2,-102.75
L_retusa,6-Apr-74,29.233333,-102.716667
L_retusa,29-Mar-76,29.716667,-102.716667
L_retusa,24-Dec-46,29.7,-102.7
L_retusa,4-Apr-47,29.733333,-102.683333
L_retusa,11-Sep-91,27.25,-102.666667
L_retusa,2-Sep-41,26.716667,-102.6
L_retusa,4-Sep-41,28.416667,-102.533333
L_retusa,Jul-82,28.716667,-102.516667
L_retusa,14-Sep-72,28.733333,-102.516667
L_retusa,1-May-77,27.133333,-102.466667
L_retusa,12-Jun-56,27.533333,-102.45
L_retusa,13-Sep-41,27.15,-102.433333
L_retusa,28-Sep-73,27.066667,-102.416667
L_retusa,11-May-73,27.1,-102.416667
L_retusa,9-May-61,29.166667,-102.416667
L_retusa,4-Jul-36,29.066667,-102.4
L_retusa,28-Aug-66,29.3,-102.333333
L_retusa,7-Jun-72,28.633333,-102.3
L_retusa,7-Jun-72,28.633333,-102.3
L_retusa,17-Apr-86,28.633333,-102.216667
L_retusa,17-Jun-49,30.266667,-102.083333
L_retusa,27-Apr-75,28.466667,-102.066667
L_retusa,27-Jun-36,28.416667,-101.916667
L_retusa,10-Oct-72,26.5,-101.716667
L_retusa,14-Jul-42,30.066667,-101.716667
L_retusa,8-Jul-38,27.833333,-101.616667
L_retusa,21-Apr-77,28.133333,-101.6
L_retusa,19-May-84,29.716667,-101.566667
L_retusa,October1892,29.8,-101.566667
L_retusa,1903,29.8,-101.566667
L_retusa,1935,27.866667,-101.55
L_retusa,1900,29.716667,-101.533333
L_retusa,13-Apr-69,29.8,-101.533333
L_retusa,8-Jul-25,29.716667,-101.333333
L_retusa,8-Apr-51,29.766667,-101.333333
L_retusa,22-Nov-87,29.666667,-101.283333
L_retusa,3-Jul-39,26.75,-101.25
L_retusa,15-Apr-10,29.616667,-101.216667
L_retusa,30-Apr-59,29.666667,-101.2
L_retusa,3-Apr-59,29.666667,-101.2
L_retusa,27-Apr-74,29.7,-101.2
L_retusa,16-Jun-45,29.966667,-101.183333
L_retusa,24-Apr-77,29.65,-101.15
L_retusa,25-Apr-70,29.916667,-101.15
L_retusa,17-Oct-16,29.666667,-101.133333
L_retusa,27-Oct-16,29.666667,-101.133333
L_retusa,3-Apr-53,29.916667,-101.133333
L_retusa,8-Nov-37,30.083333,-101.116667
L_retusa,11-Sep-00,29.583333,-100.9
L_retusa,17-Apr-30,29.366667,-100.866667
L_retusa,5-Jul-43,29.366667,-100.866667
L_retusa,19-Jun-61,30.316667,-100.833333
L_retusa,19-Jun-61,30.35,-100.8
L_retusa,29-May-85,30.35,-100.75
L_retusa,12-Apr-69,29.083333,-100.616667
L_retusa,17-Apr-29,29.3,-100.4
L_retusa,22-Aug-46,29.45,-100.116667
L_retusa,June1849,29.433333,-100.083333
L_retusa,17-Apr-31,29.433333,-100.083333
L_retusa,18-May-40,29.566667,-100.016667
L_retusa,16-May-54,29.5,-100
L_retusa,16-May-54,29.333333,-99.95
L_retusa,10-Apr-54,29.066667,-99.916667
L_retusa,6-Oct-16,30.166667,-99.9
L_retusa,June1885,30.166667,-99.9
L_retusa,10-May-64,29.416667,-99.85
L_retusa,10-Jun-16,29.366667,-99.833333
L_retusa,9-Apr-57,29.183333,-99.8
L_retusa,16-May-54,29.233333,-99.616667
L_retusa,1880,30.466667,-99.366667
L_retusa,June1884,30.466667,-98.816667
L_retusa,June1861,30.866667,-98.8
L_retusa,1883,30.866667,-98.8
L_retusa,1900,30.866667,-98.8
L_retusa,10-May-82,29.833333,-98.45
L_retusa,19-May-90,30.2,-98.283333
L_retusa,5-May-83,30,-97.95
L_retusa,21-Aug-46,30.166667,-97.95
L_retusa,21-Jul-40,30.4,-96.95
L_retusa,17-Jul-64,30.516667,-96.133333
L_salvadorensis,1924,13.6,-88.033333
L_salvadorensis,21-Oct-85,13.783333,-87.7
L_salvadorensis,21-Oct-85,13.833333,-87.65
L_salvadorensis,19-Oct-88,13.766667,-87.466667
L_salvadorensis,21-Oct-85,13.75,-87.3
L_salvadorensis,12-Feb-84,13.75,-87.3
L_salvadorensis,29-Mar-83,13.766667,-87.3
L_salvadorensis,22-Oct-85,13.4,-87.216667
L_salvadorensis,1986,13.45,-87.216667
L_salvadorensis,24-Apr-86,13.466667,-87.216667
L_salvadorensis,18-Oct-88,13.566667,-87.2
L_salvadorensis,3-Feb-87,13.433333,-87.183333
L_salvadorensis,30-Jul-74,13.5,-87.083333
L_salvadorensis,12-Oct-88,13.65,-87.05
L_salvadorensis,10-Feb-88,13.316667,-87.033333
L_salvadorensis,2-Apr-84,13.4,-87.033333
L_salvadorensis,22-Oct-85,13.233333,-87.016667
L_salvadorensis,9-Feb-88,13.233333,-87.016667
L_salvadorensis,28-Mar-83,13.366667,-87
L_salvadorensis,23-Oct-85,13.516667,-87
L_salvadorensis,17-Mar-82,13.55,-86.983333
L_salvadorensis,23-Oct-85,13.616667,-86.9
L_salvadorensis,19-Mar-91,13.2,-86.766667
L_salvadorensis,14-Mar-91,13.116667,-86.616667
L_salvadorensis,19-Feb-82,13.266667,-86.566667
L_salvadorensis,19-Mar-91,13.266667,-86.566667
L_salvadorensis,8-Feb-91,13.2,-86.483333
L_salvadorensis,13-Mar-91,13.2,-86.483333
L_salvadorensis,8-Feb-91,13.183333,-86.466667
L_salvadorensis,16-Mar-91,13.05,-86.416667
L_salvadorensis,16-Mar-91,13.05,-86.416667
L_shannonii,9-Aug-91,16.416667,-94.066667
L_shannonii,31-Mar-89,16.8,-93.85
L_shannonii,2-Nov-78,16.6,-93.783333
L_shannonii,30-Nov-91,16.716667,-93.766667
L_shannonii,6-Dec,16.733333,-93.766667
L_shannonii,25-Aug-74,16.733333,-93.733333
L_shannonii,7-Nov-93,16.666667,-93.7
L_shannonii,30-Dec-80,16.683333,-93.7
L_shannonii,25-Feb-92,16.683333,-93.616667
L_shannonii,13-Feb-85,16.733333,-93.6
L_shannonii,13-Dec-78,16.683333,-93.55
L_shannonii,11-Oct-83,16.683333,-93.55
L_shannonii,5-Oct-72,16.683333,-93.516667
L_shannonii,2-Nov-76,16.733333,-93.5
L_shannonii,15-Oct-72,16.8,-93.483333
L_shannonii,17-Dec-80,16.766667,-93.3
L_shannonii,2-Jan-81,16.8,-93.283333
L_shannonii,6-Aug-50,16.8,-93.216667
L_shannonii,11-Sep-49,16.783333,-93.166667
L_shannonii,7-Mar-82,18.783333,-90.733333
L_shannonii,3-Mar-80,18.8,-90.733333
L_shannonii,5-Feb-85,19.333333,-90.716667
L_shannonii,25-Mar-87,19.333333,-90.716667
L_shannonii,25-Mar-87,19.333333,-90.716667
L_shannonii,26-Mar-87,19.333333,-90.716667
L_shannonii,12-Oct-84,19.616667,-90.666667
L_shannonii,30-Nov-87,19.483333,-90.583333
L_shannonii,20-May-85,19.833333,-90.533333
L_shannonii,14-Feb-85,19.216667,-90.483333
L_shannonii,12-Oct-84,19.583333,-90.333333
L_shannonii,5-Feb-85,19.75,-89.966667
L_shannonii,3-Feb-84,14.283333,-89.95
L_shannonii,19-Jun-68,14.766667,-89.933333
L_shannonii,30-Oct-40,14.783333,-89.9
L_shannonii,30-Oct-40,14.783333,-89.9
L_shannonii,1-Nov-40,14.8,-89.866667
L_shannonii,27-Jan-91,14.383333,-89.766667
L_shannonii,5-Feb-84,14.366667,-89.733333
L_shannonii,25-Feb-89,14.216667,-89.683333
L_shannonii,4-Mar-91,14.416667,-89.683333
L_shannonii,24-Oct-39,14.5,-89.65
L_shannonii,19-Feb-89,14.066667,-89.6
L_shannonii,19-Feb-89,14.066667,-89.6
L_shannonii,18-Oct-85,14.55,-89.55
L_shannonii,8-Jan-22,13.983333,-89.533333
L_shannonii,19-Oct-85,14.383333,-89.533333
L_shannonii,20-Feb-89,13.5,-89.45
L_shannonii,20-Feb-89,13.583333,-89.283333
L_shannonii,1925,13.666667,-89.166667
L_shannonii,December1892,13.7,-88.933333
L_shannonii,22-Mar,13.5,-88.866667
L_shannonii,Feb-78,14.75,-88.766667
L_shannonii,Feb-78,15.016667,-88.733333
L_shannonii,21-Feb-91,14.116667,-88.716667
L_shannonii,10-Feb-47,13.616667,-88.7
L_shannonii,6-Mar-22,13.616667,-88.7
L_shannonii,5-Mar-22,13.616667,-88.7
L_shannonii,21-Feb-91,14.05,-88.583333
L_shannonii,7-Mar-91,14.7,-88.566667
L_shannonii,20-Feb-91,13.966667,-88.383333
L_shannonii,20-Feb-91,13.966667,-88.383333
L_shannonii,20-Feb-91,14.066667,-88.3
L_shannonii,3-Apr-91,14.833333,-88.266667
L_shannonii,Feb-78,14.866667,-88.25
L_shannonii,Feb-78,14.866667,-88.25
L_shannonii,Feb-78,15.133333,-88.2
L_shannonii,24-Jan,13.483333,-88.183333
L_shannonii,26-Nov-61,15.4,-88.066667
L_shannonii,11-Oct-85,14.5,-88.016667
L_shannonii,Feb-78,15.216667,-87.966667
L_shannonii,Feb-78,15.216667,-87.95
L_shannonii,Feb-78,15.216667,-87.95
L_shannonii,25-Feb-91,15.2,-87.833333
L_shannonii,7-Mar-92,15.2,-87.833333
L_shannonii,27-Jan-84,14.716667,-87.716667
L_shannonii,28-Feb-83,14.366667,-87.666667
L_shannonii,29-Aug-55,14.333333,-87.65
L_shannonii,7-Dec-82,14.4,-87.65
L_shannonii,27-Oct-83,14.483333,-87.65
L_shannonii,8-Jan-81,14.75,-87.65
L_shannonii,30-Jan-83,14.316667,-87.633333
L_shannonii,28-Feb-83,14.316667,-87.633333
L_shannonii,10-Aug-48,14.366667,-87.633333
L_shannonii,23-Aug-73,14.366667,-87.633333
L_shannonii,17-Feb-81,14.416667,-87.633333
L_shannonii,15-Mar-47,14.45,-87.633333
L_shannonii,3-Nov-73,14.35,-87.616667
L_shannonii,20-Mar-47,14.433333,-87.616667
L_shannonii,15-Feb-91,15.25,-87.383333
L_shannonii,27-Mar-91,15.216667,-87.35
L_shannonii,8-Sep-46,14.1,-87.216667
L_shannonii,12-Oct-88,13.783333,-87.2
L_shannonii,18-Sep-50,14.133333,-87.2
L_shannonii,16-Jan-82,14.283333,-87.2
L_shannonii,16-Jan-82,14.283333,-87.2
L_shannonii,6-Nov-48,14.083333,-87.166667
L_shannonii,6-Nov-48,14.083333,-87.166667
L_shannonii,6-Nov-48,14.083333,-87.166667
L_shannonii,Oct-62,14.333333,-87.166667
L_shannonii,25-Nov-46,14.016667,-87.066667
L_shannonii,18-Mar-82,14.35,-87.05
L_shannonii,16-Oct-43,14,-87.033333
L_shannonii,Dec-47,14,-87.033333
L_shannonii,15-Sep-49,14,-87.033333
L_shannonii,23-Mar-50,14,-87.033333
L_shannonii,Aug-44,14.016667,-87.016667
L_shannonii,21-Dec-46,14.016667,-87.016667
L_shannonii,Feb-47,14.016667,-87.016667
L_shannonii,9-Jan-47,14.016667,-87.016667
L_shannonii,15-Dec-46,14.016667,-87.016667
L_shannonii,23-Jul-47,14,-87
L_shannonii,Aug-60,14,-87
L_shannonii,10-Dec-46,14.016667,-87
L_shannonii,Dec-47,14,-86.966667
L_shannonii,23-Jul-48,14,-86.966667
L_shannonii,23-Oct-85,13.683333,-86.916667
L_shannonii,10-Nov-47,14.75,-86.833333
L_shannonii,11-Feb-84,13.866667,-86.783333
L_shannonii,17-Mar-91,13.7,-86.733333
L_shannonii,27-Sep-80,13.35,-86.516667
L_shannonii,24-Nov-73,13.366667,-86.5
L_shannonii,6-Nov-68,13.366667,-86.483333
L_shannonii,8-Feb-91,13.283333,-86.466667
L_shannonii,19-Feb-82,13.35,-86.416667
L_shannonii,11-Sep-80,12.883333,-86.383333
L_shannonii,25-Dec-82,13.1,-86.383333
L_shannonii,3-Apr-84,13.25,-86.383333
L_shannonii,17-Oct-84,11.933333,-86.366667
L_shannonii,26-Nov-77,12.066667,-86.366667
L_shannonii,16-Mar-91,13.066667,-86.366667
L_shannonii,23-Sep-83,13.2,-86.366667
L_shannonii,17-Aug-81,12.866667,-86.333333
L_shannonii,19-Dec-84,13.266667,-86.333333
L_shannonii,25-Jan-83,14.083333,-86.283333
L_shannonii,2-Mar-82,12.783333,-86.266667
L_shannonii,6-Sep-83,12.85,-86.216667
L_shannonii,10-Mar-49,14.583333,-86.2
L_shannonii,27-Oct-84,11.966667,-86.183333
L_shannonii,4-Apr-83,14.833333,-86.166667
L_shannonii,12-May-70,12.75,-86.133333
L_shannonii,20-Feb-81,12.733333,-86.1
L_shannonii,8-Mar-82,12.183333,-86.066667
L_shannonii,2-Dec-80,12.583333,-86.066667
L_shannonii,1-Nov-82,12.616667,-86.05
L_shannonii,9-Nov-80,12.633333,-86.05
L_shannonii,2-Dec-80,12.633333,-86.05
L_shannonii,4-Dec-57,12.85,-85.966667
L_shannonii,12-Jan-28,12.883333,-85.933333
L_shannonii,22-Sep-76,12.966667,-85.933333
L_shannonii,23-Jul-69,12.916667,-85.9
L_shannonii,18-Feb-91,15.233333,-85.9
L_shannonii,2-Mar-80,13.616667,-85.833333
L_shannonii,5-Apr-83,15.2,-85.833333
L_shannonii,18-Feb-91,15.2,-85.783333
L_shannonii,12-Sep-83,12.633333,-85.766667
L_shannonii,15-Jan-91,12.833333,-85.766667
L_shannonii,3-Mar-80,13.5,-85.75
L_shannonii,3-Oct-84,12.583333,-85.733333
L_shannonii,6-Feb-91,15.2,-85.7
L_shannonii,11-Nov-82,12.35,-85.683333
L_shannonii,7-Feb-91,12.35,-85.666667
L_shannonii,4-Apr-71,12.366667,-85.5
L_shannonii,17-Jan-70,12.366667,-85.5
L_shannonii,5-Aug-83,12.183333,-85.35
L_shannonii,6-Aug-83,12.166667,-85.316667
L_shannonii,6-Feb-91,12.183333,-85.316667
L_shannonii,7-Feb-91,12.183333,-85.3
L_shannonii,2-Jun-76,12.116667,-85.266667
L_trichandra,31-Aug-83,25.416667,-106.6
L_trichandra,29-Jun-81,19.966667,-103.766667
L_trichandra,17-Nov-81,19.966667,-103.766667
L_trichandra,23-Jun-80,19.8,-103.683333
L_trichandra,24-May-33,18.866667,-100.433333
L_trichandra,19-Aug-79,18.966667,-100.083333
L_trichandra,14-Aug-35,19.066667,-100.016667
L_trichandra,10-Nov-79,18.85,-99.116667
L_trichandra,28-Jun-79,17.166667,-97.95
L_trichandra,3-Feb-77,17.166667,-97.95
L_trichandra,19-Aug-76,17.2,-97.916667
L_trichandra,23-Oct-77,17.15,-97.9
L_trichandra,5-Dec-78,17.083333,-97.883333
L_trichandra,13-Apr-87,17.116667,-97.883333
L_trichandra,13-Apr-87,17.15,-97.883333
L_trichandra,7-May-88,17.366667,-97.85
L_trichandra,4-Jul-84,17.2,-97.766667
L_trichandra,18-Jun-79,17.666667,-97.6
L_trichandra,15-May-82,17.65,-97.583333
L_trichandra,24-Jul-82,17.6,-97.483333
L_trichandra,12-Aug-91,17.583333,-97.45
L_trichandra,8-Jul-76,17.366667,-97.166667
L_trichandra,20-Oct-84,17.35,-97.133333
L_trichandra,20-Oct-84,17.35,-97.133333
L_trichandra,22-Aug-76,17.333333,-97.116667
L_trichandra,26-Jul-65,16.5,-97.083333
L_trichandra,6-Aug-77,17.516667,-96.933333
L_trichandra,16-May-82,16.6,-96.883333
L_trichandra,23-Jun-79,16.6,-96.883333
L_trichandra,19-Oct-76,16.816667,-96.883333
L_trichandra,19-Oct-76,16.6,-96.866667
L_trichandra,10-Dec-78,16.6,-96.866667
L_trichandra,14-Jul-85,17.333333,-96.85
L_trichandra,7-Nov-78,17.233333,-96.8
L_trichandra,18June1899,17.033333,-96.766667
L_trichandra,18-Sep-87,17.216667,-96.766667
L_trichandra,25-Oct-76,16.483333,-96.733333
L_trichandra,26May1894,17.116667,-96.716667
L_trichandra,27-Apr-76,17.116667,-96.716667
L_trichandra,23-Aug-76,17.116667,-96.716667
L_trichandra,23-Aug-76,17.116667,-96.716667
L_trichandra,27-Apr-76,17.116667,-96.716667
L_trichandra,17-Nov-84,17.116667,-96.716667
L_trichandra,23-Aug-76,17.116667,-96.716667
L_trichandra,6-Nov-84,17.116667,-96.716667
L_trichandra,2-Oct-87,17.116667,-96.716667
L_trichandra,1920,17.116667,-96.716667
L_trichandra,13-Nov-01,17.112778,-96.631667
L_trichandra,22-Feb-92,17.1,-96.616667
L_trichandra,11-Aug-91,17.116667,-96.6
L_trichandra,15-Nov-01,16.261111,-96.574722
L_trichandra,11-Sep-87,16.266667,-96.55
L_trichandra,30-Jul-80,17.516667,-96.55
L_trichandra,4-May-80,17.516667,-96.55
L_trichandra,13-Nov-01,17.311944,-96.542778
L_trichandra,26-Sep-82,17.283333,-96.533333
L_trichandra,10-Dec-81,17.283333,-96.533333
L_trichandra,10-Dec-82,17.283333,-96.533333
L_trichandra,10-Dec-81,17.283333,-96.516667
L_trichandra,20-Dec-72,17.3,-96.5
L_trichandra,23-Feb-92,17.3,-96.5
L_trichandra,22-Nov-77,17.3,-96.483333
L_trichandra,11-Aug-91,17.316667,-96.483333
L_trichandra,11-Aug-77,17.316667,-96.466667
L_trichandra,14-May-83,17.05,-96.45
L_trichandra,7-Aug-77,17.083333,-96.45
L_trichandra,8-Jul-82,17.083333,-96.45
L_trichandra,2-Feb-83,17.1,-96.45
L_trichandra,14-Nov-01,16.948889,-96.398889
L_trichandra,10-Aug-91,16.833333,-96.366667
L_trichandra,26-Oct-78,16.85,-96.366667
L_trichandra,16-Nov-01,16.833889,-96.361667
L_trichandra,18-Mar-03,16.833889,-96.361667
L_trichandra,22-Feb-92,16.816667,-96.333333
L_trichandra,18-Oct-77,17.7,-96.316667
L_trichandra,30-Jul-81,17.283333,-96.3
L_trichandra,18-Aug-50,16.933333,-96.266667
L_trichandra,22-Feb-92,16.95,-96.266667
L_trichandra,8-Aug-77,16.916667,-96.25
L_trichandra,12-Dec-78,16.916667,-96.25
L_trichandra,17-Sep-76,17.016667,-96.233333
L_trichandra,12-Nov-87,16.683333,-96.2
L_trichandra,18-Sep-76,16.866667,-96.15
L_trichandra,24-Jun-84,16.966667,-96.15
L_trichandra,8-Aug-77,16.983333,-96.15
L_trichandra,8-Nov-93,16.533333,-95.95
L_trichandra,12-Dec-85,16.516667,-95.933333
L_trichandra,13-Sep-85,16.216667,-95.583333
L_trichandra,18-Mar-92,16.266667,-95.533333
L_trichandra,15-Mar-86,16.683333,-95.35
L_trichandra,31-Mar-89,16.833333,-93.766667
L_trichandra,13-Nov-89,16.083333,-93.333333
L_trichandra,16-Mar-81,16.75,-93.333333
L_trichandra,30-Apr-88,16.816667,-93.2
L_trichandra,15-Sep-52,16.866667,-93.2
L_trichandra,8-Mar-89,16.9,-93.133333
L_trichandra,27-Oct-65,16.8,-93.116667
L_trichandra,8-Dec-80,16.833333,-93.066667
L_trichandra,13-Dec-80,16,-93
L_trichandra,12-Dec-80,16,-93
L_trichandra,17-Apr-45,16.716667,-92.966667
L_trichandra,23-Jul-84,16.766667,-92.95
L_trichandra,15-Oct-71,16.75,-92.933333
L_trichandra,21-Jun-66,16.75,-92.933333
L_trichandra,16-Dec-71,17.066667,-92.933333
L_trichandra,Aug-89,15.633333,-92.916667
L_trichandra,10-Aug-65,16.833333,-92.916667
L_trichandra,31-Oct-76,16.733333,-92.883333
L_trichandra,18-Aug-66,16.733333,-92.883333
L_trichandra,31-Oct-76,16.733333,-92.883333
L_trichandra,16-Feb-79,17.016667,-92.8
L_trichandra,2-Nov-65,16.733333,-92.766667
L_trichandra,25-Aug-81,16.783333,-92.75
L_trichandra,18-Aug-76,16.75,-92.733333
L_trichandra,29-Jul-83,16.783333,-92.733333
L_trichandra,3-Oct-66,16.733333,-92.716667
L_trichandra,20-Oct-66,16.666667,-92.7
L_trichandra,16-Jun-45,16.116667,-92.666667
L_trichandra,15-Sep-82,16.816667,-92.55
L_trichandra,10-Jul-64,16.816667,-92.55
L_trichandra,22-Nov-64,16.816667,-92.55
L_trichandra,28-Oct-66,16.833333,-92.5
L_trichandra,14-Feb-67,16.833333,-92.5
L_trichandra,30-Oct-76,16.566667,-92.483333
L_trichandra,30-Oct-76,16.566667,-92.483333
L_trichandra,14-Jul-65,16.816667,-92.483333
L_trichandra,Feb-64,16.816667,-92.483333
L_trichandra,27-Sep-81,16.816667,-92.483333
L_trichandra,13-Jul-81,16.816667,-92.483333
L_trichandra,25-Jan-83,16.816667,-92.483333
L_trichandra,10-Oct-83,16.816667,-92.483333
L_trichandra,30-Jun-83,16.816667,-92.483333
L_trichandra,25-Jun-65,16.533333,-92.466667
L_trichandra,20-Dec-82,16.883333,-92.466667
L_trichandra,11-Nov-82,16.883333,-92.466667
L_trichandra,25-Apr-83,16.883333,-92.433333
L_trichandra,15-Oct-82,16.883333,-92.433333
L_trichandra,23-Aug-65,16.5,-92.416667
L_trichandra,11-Nov-66,16.5,-92.416667
L_trichandra,9-Feb-85,16.366667,-92.4
L_trichandra,11-Apr-81,16.433333,-92.383333
L_trichandra,4-Oct-81,16.45,-92.383333
L_trichandra,9-Aug-84,16.766667,-92.35
L_trichandra,7-Jul-77,16.8,-92.3
L_trichandra,5-Apr-86,16.833333,-92.266667
L_trichandra,8-Aug-82,16.816667,-92.216667
L_trichandra,25-Oct-89,16.166667,-92.183333
L_trichandra,21-Dec-79,16.216667,-92.15
L_trichandra,21-Dec-79,16.216667,-92.15
L_trichandra,20-Oct-81,16.266667,-92.15
L_trichandra,15-Mar-81,16.183333,-92.116667
L_trichandra,31-Mar-92,16.833333,-92.1
L_trichandra,9-Dec-93,16.9,-92.1
L_trichandra,10-Oct-83,16.05,-92.066667
L_trichandra,15-Dec-80,16.066667,-92.066667
L_trichandra,30-Apr-45,16.366667,-92.066667
L_trichandra,27-Feb-92,16.083333,-92.05
L_trichandra,1-Nov-76,16.116667,-92.05
L_trichandra,8-Dec-76,16.066667,-92.033333
L_trichandra,10-Jul-66,16.066667,-92.033333
L_trichandra,26-Oct-80,16.066667,-92.033333
L_trichandra,17-Nov-84,16.133333,-92.033333
L_trichandra,4-Dec-76,16.133333,-91.916667
L_trichandra,6-Nov-65,16.133333,-91.883333
L_trichandra,26-Jul-65,16.116667,-91.816667
L_trichandra,19-Aug-42,15.45,-91.8
L_trichandra,3-Mar-92,14.85,-91.766667
L_trichandra,18-Jan-92,14.883333,-91.766667
L_trichandra,2-Apr-89,15.95,-91.733333
L_trichandra,23-Jun-82,16.1,-91.683333
L_trichandra,14-Aug-81,16.083333,-91.666667
L_trichandra,1-Nov-76,16.133333,-91.666667
L_trichandra,12-Feb-41,14.733333,-91.516667
L_trichandra,25-Jan-91,14.75,-91.516667
L_trichandra,29-Mar-88,15.333333,-91.366667
L_trichandra,10-Apr-91,15.333333,-91.35
L_trichandra,10-Apr-91,15.333333,-91.333333
L_trichandra,28-Feb-92,15.333333,-91.333333
L_trichandra,11-Jan-74,15.35,-91.316667
L_trichandra,29-Mar-88,15.35,-91.283333
L_trichandra,24-Oct-84,14.716667,-91.166667
L_trichandra,11-Apr-91,14.733333,-91.166667
L_trichandra,16-Jan-66,14.75,-91.166667
L_trichandra,3-Apr-89,14.75,-91.166667
L_trichandra,26-Jan-91,14.75,-91.15
L_trichandra,1-Nov-65,14.983333,-91.133333
L_trichandra,14-Dec-38,14.633333,-90.783333
L_trichandra,28-Dec-38,14.633333,-90.783333
L_trichandra,Dec-38,14.55,-90.733333
L_trichandra,7-Nov-65,14.466667,-90.7
L_trichandra,6-Feb-49,14.483333,-90.7
L_trichandra,10-Jan-66,14.516667,-90.65
L_trichandra,3-Sep-63,14.616667,-90.65
L_trichandra,2-Mar-88,14.816667,-90.65
L_trichandra,2-Mar-88,14.816667,-90.65
L_trichandra,26-Mar-88,14.816667,-90.616667
L_trichandra,26-Mar-88,14.816667,-90.616667
L_trichandra,27-Jan,14.566667,-90.533333
L_trichandra,July1860,14.616667,-90.516667
L_trichandra,3-Feb-69,15.416667,-90.5
L_trichandra,26-Feb-89,14.466667,-90.466667
L_trichandra,24-Jan-92,14.283333,-90.433333
L_trichandra,6-Apr-91,14.516667,-90.283333
L_trichandra,6-Apr-91,14.55,-90.083333
L_trichandra,14-Nov-40,14.616667,-90.05
L_trichandra,1-Sep-89,13.816667,-89.95
L_trichandra,16-Feb-89,13.833333,-89.95
L_trichandra,17-Feb-89,13.833333,-89.95
L_trichandra,11-Feb-92,13.816667,-89.933333
L_trichandra,1-Aug-91,13.816667,-89.933333
L_trichandra,5-Dec-89,13.816667,-89.933333
L_trichandra,1-Mar-88,14.683333,-89.9
L_trichandra,28-Oct-40,14.833333,-89.9
L_trichandra,22-Jan-93,13.916667,-89.833333
L_trichandra,21-Jan-46,13.75,-89.616667
L_trichandra,21-Sep-58,13.8,-89.616667
L_trichandra,7-Oct-58,13.883333,-89.616667
L_trichandra,25-Feb-68,13.816667,-89.583333
L_trichandra,18-Feb-89,13.816667,-89.583333
L_trichandra,29-Jan-22,14,-89.55
L_trichandra,27-Jan-91,14.616667,-89.55
L_trichandra,19-Feb-89,13.95,-89.533333
L_trichandra,26-Feb-88,14.55,-89.416667
L_trichandra,23-Feb-89,14.383333,-89.4
L_trichandra,23-Feb-89,14.383333,-89.4
L_trichandra,13-Oct-85,14.55,-89.4
L_trichandra,4-Apr-91,14.616667,-89.4
L_trichandra,27-Aug-91,14.65,-89.4
L_trichandra,26-Feb-88,14.566667,-89.383333
L_trichandra,4-Apr-91,14.616667,-89.383333
L_trichandra,6-Nov-39,14.116667,-89.366667
L_trichandra,8-Dec-69,14.55,-89.366667
L_trichandra,23-Jan-93,14.1,-89.25
L_trichandra,12-Feb-93,14.85,-89.25
L_trichandra,17-May-87,14.833333,-89.233333
L_trichandra,8-Feb-83,14.833333,-89.183333
L_trichandra,5-Mar-92,14.816667,-89.166667
L_trichandra,7-Mar-91,14.833333,-89.166667
L_trichandra,29-Dec-73,14.85,-89.166667
L_trichandra,31-Aug-68,14.366667,-89.133333
L_trichandra,16-Sep-83,14.433333,-89.133333
L_trichandra,23-Nov-69,14.85,-89.133333
L_trichandra,22-Feb-92,14.416667,-89.116667
L_trichandra,19-Nov-69,14.883333,-89.1
L_trichandra,23-Sep-59,16.983333,-89
L_trichandra,7-Mar-91,14.833333,-88.8
L_trichandra,14-Feb-93,14.45,-88.666667
L_trichandra,11-May-92,14.55,-88.65
L_trichandra,23-Feb-88,15.2,-88.65
L_trichandra,9-Mar-91,14.2,-88.516667
L_trichandra,6-Mar-92,14.2,-88.516667
L_trichandra,6-Mar-92,14.2,-88.516667
L_trichandra,6-Mar-92,14.2,-88.516667
L_trichandra,8-Mar-91,14.233333,-88.516667
L_trichandra,8-Mar-91,14.233333,-88.516667
L_trichandra,8-Mar-91,14.233333,-88.516667
L_trichandra,8-Mar-91,14.233333,-88.516667
L_trichandra,21-Feb-91,14.25,-88.516667
L_trichandra,21-Feb-91,14.25,-88.516667
L_trichandra,20-Feb-91,14.25,-88.216667
L_trichandra,8-Feb-50,14.3,-88.166667
L_trichandra,20-Feb-91,14.283333,-88.116667
L_trichandra,22-Mar-69,14.2,-87.916667
L_trichandra,22-Feb-88,14.283333,-87.55
L_trichandra,22-Feb-88,14.283333,-87.55
L_trichandra,22-Feb-88,14.233333,-87.5
L_trichandra,22-Feb-88,14.233333,-87.5
L_trichandra,29-Aug-55,14.383333,-87.383333
L_trichandra,9-Nov-66,13.883333,-87.25
L_trichandra,13-May-83,14.05,-87.15
L_trichandra,20-Nov-48,14,-87.133333
L_trichandra,18-Sep-50,14.05,-87.116667
L_trichandra,20-Nov-48,14,-87.1
L_trichandra,9-Feb-49,14.016667,-87.1
L_trichandra,30-Jun-49,14.016667,-87.1
L_trichandra,15-Aug-49,14.016667,-87.1
L_trichandra,11-Jan-58,14.016667,-87.1
L_trichandra,10-Mar-51,14.016667,-87.1
L_trichandra,19-Jul-63,14.016667,-87.1
L_trichandra,29-Jan-64,14.016667,-87.1
L_trichandra,28-Aug-51,14.016667,-87.1
L_trichandra,18-Feb-88,14.016667,-87.1
L_trichandra,12-Dec-48,13.966667,-87.083333
L_trichandra,20-Oct-48,13.933333,-87.066667
L_trichandra,26-Oct-48,13.966667,-87.066667
L_trichandra,20-Jul-48,13.966667,-87.066667
L_trichandra,4-Nov-48,13.966667,-87.066667
L_trichandra,1949,13.966667,-87.066667
L_trichandra,27-Jul-50,13.966667,-87.066667
L_trichandra,23-Dec-50,13.966667,-87.066667
L_trichandra,10-Sep-51,13.966667,-87.066667
L_trichandra,22-Jan-48,14,-87.066667
L_trichandra,25-Feb-47,14.016667,-87.066667
L_trichandra,10-Sep-51,13.933333,-87.05
L_trichandra,10-Sep-51,13.983333,-87.05
L_trichandra,Aug-60,13.983333,-87.05
L_trichandra,Dec-46,14.016667,-87.05
L_trichandra,Dec-46,14.016667,-87.05
L_trichandra,29-Jan-64,13.966667,-87.033333
L_trichandra,16-Feb-91,15.216667,-87.033333
L_trichandra,25-Feb-47,14.016667,-87.016667
L_trichandra,24-Feb-47,13.933333,-87
L_trichandra,21-Jan-50,13.933333,-87
L_trichandra,1950,13.933333,-87
L_trichandra,20-Oct-63,13.7,-86.916667
L_trichandra,15-Feb-88,13.75,-86.916667
L_trichandra,Dec-43,13.833333,-86.916667
L_trichandra,12-Dec-46,14,-86.683333
L_trichandra,11-Dec-46,14,-86.683333
L_trichandra,13-Aug-76,13.1,-86.433333
L_trichodes,19-Jul-88,-1.233333,-80.733333
L_trichodes,17-Jun-34,-5.2,-80.633333
L_trichodes,10-Jun-87,-4.15,-80.616667
L_trichodes,31-May-87,-1.35,-80.6
L_trichodes,1-Jun-87,-1.35,-80.6
L_trichodes,16-Jul-88,-1.4,-80.566667
L_trichodes,16-Apr-82,-1.233333,-80.516667
L_trichodes,21-May-81,-2.4,-80.45
L_trichodes,29-Oct-74,-1.716667,-80.45
L_trichodes,18-Jul-88,-1.216667,-80.45
L_trichodes,5-Jun-89,-0.616667,-80.45
L_trichodes,May-82,-2.4,-80.433333
L_trichodes,4-Feb-55,-2.4,-80.433333
L_trichodes,5-Jun-89,-0.533333,-80.433333
L_trichodes,22-Jun-23,-2.383333,-80.35
L_trichodes,23-Dec-67,-3.516667,-80.266667
L_trichodes,26-Apr-55,-3.683333,-80.25
L_trichodes,21-Jul-88,-0.783333,-80.25
L_trichodes,26-Jul-45,-0.7,-80.25
L_trichodes,1900,-4.3,-80.233333
L_trichodes,30-Dec-39,-1.8,-80.233333
L_trichodes,7-Apr-80,-3.45,-80.216667
L_trichodes,23-Aug-64,-2.283333,-80.216667
L_trichodes,13-Jan-89,-2.283333,-80.216667
L_trichodes,20-May-75,-3.533333,-80.183333
L_trichodes,13-Jan-89,-2.266667,-80.183333
L_trichodes,24-Jul-65,-2.25,-80.183333
L_trichodes,3-Jun-87,-1.866667,-80.1
L_trichodes,28August1836,-2.816667,-80.083333
L_trichodes,5-Jun-87,-4.283333,-80.066667
L_trichodes,4-Jun-87,-3.683333,-80.066667
L_trichodes,4-Jun-87,-3.683333,-80.066667
L_trichodes,10-Dec-78,-3.566667,-80.066667
L_trichodes,30-Apr-79,-3.566667,-80.066667
L_trichodes,30-May-87,-0.75,-80.066667
L_trichodes,17-Jun-71,-2.183333,-79.966667
L_trichodes,13-Jul-86,-2,-79.966667
L_trichodes,1931,-1.866667,-79.966667
L_trichodes,11-Jul-43,-2.166667,-79.95
L_trichodes,1900,-2.166667,-79.9
L_trichodes,24-Jul-64,-2.166667,-79.9
L_trichodes,11-Jul-64,-2.166667,-79.9
L_trichodes,14-May-34,-2.166667,-79.9
L_trichodes,29-May,-2.166667,-79.9
L_trichodes,6-Jun-43,-2.166667,-79.9
L_trichodes,31-Aug-18,-2.166667,-79.9
L_trichodes,December1845,-2.166667,-79.9
L_trichodes,1-Jul-63,-2.166667,-79.9
L_trichodes,,-2.166667,-79.9
L_trichodes,6-Nov-18,-2.183333,-79.833333
L_trichodes,7-Jun-87,-4.2,-79.816667
L_trichodes,15-Apr-07,-5.418333,-79.677222
L_trichodes,30-Dec-53,-5.283333,-79.4
L_trichodes,4-Apr-80,-4.183333,-79.283333
L_trichodes,11-Jun-78,-6,-79.1
L_trichodes,21-May-65,-6.65,-79.066667
L_trichodes,7-Jun-01,-7.2225,-78.796111
L_trichodes,4-Jun-86,-5.5,-78.5
L_trichodes,16-Apr-82,-6.633333,-78.066667
L_trichodes,24-Feb-84,-6.833333,-78.05
L_trichodes,11-Jul-85,-7.75,-77.85
L_trichodes,12-Oct-54,-9.116667,-77.75
L_trichodes,11-Jun-04,-7.830833,-77.635
L_trichodes,27-May-48,-11.116667,-77.233333
L_trichodes,17-Mar-46,-9.683333,-77.116667
L_trichodes,28-Dec-05,-12.033333,-77.1
L_trichodes,Oct-45,-9.883333,-76.433333
L_trichodes,3-Apr-48,-9.883333,-76.433333
L_trichodes,10-Nov-26,10.3,-75.4
L_trichodes,26-Feb-86,10.65,-75.4
L_trichodes,20-Dec-62,9.3,-75.316667
L_trichodes,9-Sep-63,9.366667,-75.266667
L_trichodes,19-Sep-63,9.616667,-75.116667
L_trichodes,1931,11.233333,-74.166667
L_trichodes,4August1898,11.266667,-74.116667
L_trichodes,25-Oct-72,11,-73.966667
L_trichodes,9-Feb-39,-13.566667,-72.816667
L_trichodes,1911,-13.566667,-72.816667
L_trichodes,29-Oct-80,-12.333333,-72.733333
L_trichodes,9-May-36,-12.833333,-72.666667
L_trichodes,Aug-49,-12.833333,-72.666667
L_trichodes,31-Dec-49,-12.733333,-72.633333
L_trichodes,12-Sep-48,-12.7,-72.616667
L_trichodes,5-Jun-80,10.8,-72.333333
L_trichodes,28-Sep-24,18.55,-72.283333
L_trichodes,7-Jul-26,18.5,-72.266667
L_trichodes,12-Nov-83,18.866667,-71.516667
L_trichodes,15-Sep-77,10.633333,-71.483333
L_trichodes,4-Nov-83,10.45,-71.283333
L_trichodes,18-Nov-79,10.483333,-71.25
L_trichodes,10-Oct,18.3,-71.15
L_trichodes,30-Jan-85,10.033333,-70.8
L_trichodes,13-Mar,18.466667,-70.766667
L_trichodes,7-Mar-86,9.7,-70.65
L_trichodes,1-Nov-77,9.616667,-70.6
L_trichodes,11-Nov-76,18.316667,-70.483333
L_trichodes,20-Mar-81,18.333333,-70.466667
L_trichodes,8-Mar-86,9.65,-70.416667
L_trichodes,9-Mar-86,9.65,-70.416667
L_trichodes,30-Jun-82,9.633333,-70.3
L_trichodes,31-Aug-29,18.666667,-70.05
L_trichodes,8-Jul-71,10.283333,-68.933333
L_trichodes,1900,10.25,-67.616667
L_trichodes,6-Sep-74,10.25,-67.616667
L_trichodes,10-Oct-69,10.25,-67.616667
L_trichodes,19-Oct-69,10.25,-67.616667
L_trichodes,2-Mar-86,10.183333,-67.4
L_trichodes,26-Sep-67,10.5,-66.866667
L_trichodes,13-Nov-18,10.3,-66.7
L_zacapana,2-Mar-88,14.866667,-90.6
L_zacapana,16-Mar-80,14.183333,-90.35
L_zacapana,8-Apr-70,14.816667,-90.116667
L_zacapana,22-Jun-71,14.816667,-90.116667
L_zacapana,28-Nov-69,14.85,-90.05
L_zacapana,8-Jan-83,14.916667,-90
L_zacapana,18-Feb-83,14.966667,-89.966667
L_zacapana,28-Sep-83,14.983333,-89.95
L_zacapana,2-Nov-93,14.916667,-89.9
L_zacapana,6-Oct-39,14.966667,-89.733333
L_zacapana,5-Feb-84,14.633333,-89.7
L_zacapana,9-Feb-83,14.966667,-89.683333
L_zacapana,27-Jan-91,14.566667,-89.666667
L_zacapana,19-Mar-88,14.733333,-89.566667
L_zacapana,4-Mar-92,14.983333,-89.566667
L_zacapana,1-Mar-88,14.966667,-89.55
L_zacapana,23-Apr-39,14.966667,-89.55
L_zacapana,10-Oct-40,14.966667,-89.55
L_zacapana,10-Oct-40,14.966667,-89.55
L_zacapana,9-Oct-40,14.866667,-89.516667
L_zacapana,28-Feb-88,14.666667,-89.5
L_zacapana,28-Feb-88,14.666667,-89.5
L_zacapana,18-Mar-84,14.716667,-89.483333
L_zacapana,22-Oct-39,14.883333,-89.483333
L_zacapana,4-Nov-89,15.1,-89.466667
L_zacapana,23-Mar-88,15.133333,-89.416667
L_zacapana,24-Jan-27,15.116667,-89.366667
L_zacapana,22-Mar-88,15.133333,-89.366667
L_zacapana,11-Apr-84,15.116667,-89.35
L_zacapana,23-Mar-88,15.133333,-89.35
L_zacapana,24-Mar-88,15.133333,-89.316667
L_zacapana,24-Mar-88,15.133333,-89.316667